candidate_id,postprocess_stage,rdkit_readable,rdkit_sanitize_ok,sanitize_error,num_fragments,largest_fragment_selected,allowed_elements_ok,heavy_atom_count,heavy_atom_count_in_range,coords_finite,has_3d_conformer,ligand_internal_severe_clash_count,ligand_internal_max_depth,forcefield_type,energy,energy_check_status,ligand_validity_status,ligand_validity_reason
complex_crossdocked_000026__cand_0001,raw_generated,True,True,,1,False,True,30,True,True,True,2,0.5068999671936036,MMFF,255.23289421017873,ok,invalid,ligand_internal_severe_clash
complex_crossdocked_000026__cand_0001,standardized_generated,True,True,,1,True,True,30,True,True,True,2,0.5068999671936036,MMFF,255.23289421017873,ok,invalid,ligand_internal_severe_clash
complex_crossdocked_000026__cand_0002,raw_generated,True,True,,1,False,True,18,True,True,True,0,0.38138246536254883,MMFF,175.51544829275988,ok,valid,
complex_crossdocked_000026__cand_0002,standardized_generated,True,True,,1,True,True,18,True,True,True,0,0.38138246536254883,MMFF,175.51544829275988,ok,valid,
complex_crossdocked_000026__cand_0003,raw_generated,True,True,,1,False,True,12,True,True,True,0,0.18470191955566406,MMFF,84.96099622236537,ok,valid,
complex_crossdocked_000026__cand_0003,standardized_generated,True,True,,1,True,True,12,True,True,True,0,0.18470191955566406,MMFF,84.96099622236537,ok,valid,
complex_crossdocked_000026__cand_0004,raw_generated,True,True,,1,False,True,18,True,True,True,1,0.4199918270111085,MMFF,174.96350807354753,ok,invalid,ligand_internal_severe_clash
complex_crossdocked_000026__cand_0004,standardized_generated,True,True,,1,True,True,18,True,True,True,1,0.4199918270111085,MMFF,174.96350807354753,ok,invalid,ligand_internal_severe_clash
complex_crossdocked_000026__cand_0005,raw_generated,True,True,,1,False,True,19,True,True,True,0,0.1983940601348877,MMFF,121.9028555218796,ok,valid,
complex_crossdocked_000026__cand_0005,standardized_generated,True,True,,1,True,True,19,True,True,True,0,0.1983940601348877,MMFF,121.9028555218796,ok,valid,
complex_crossdocked_000026__cand_0006,raw_generated,True,True,,1,False,True,19,True,True,True,0,0.3232121467590332,MMFF,122.75872012549365,ok,valid,
complex_crossdocked_000026__cand_0006,standardized_generated,True,True,,1,True,True,19,True,True,True,0,0.3232121467590332,MMFF,122.75872012549365,ok,valid,
complex_crossdocked_000026__cand_0007,raw_generated,True,True,,1,False,True,9,True,True,True,0,0.0,MMFF,7.999571515872958,ok,valid,
complex_crossdocked_000026__cand_0007,standardized_generated,True,True,,1,True,True,9,True,True,True,0,0.0,MMFF,7.999571515872958,ok,valid,
complex_crossdocked_000026__cand_0008,raw_generated,True,True,,1,False,True,18,True,True,True,1,0.44329578399658187,MMFF,83.63559967747895,ok,invalid,ligand_internal_severe_clash
complex_crossdocked_000026__cand_0008,standardized_generated,True,True,,1,True,True,18,True,True,True,1,0.44329578399658187,MMFF,83.63559967747895,ok,invalid,ligand_internal_severe_clash
complex_crossdocked_000026__cand_0009,raw_generated,True,True,,1,False,True,20,True,True,True,0,0.3486015796661377,MMFF,161.93149619416948,ok,valid,
complex_crossdocked_000026__cand_0009,standardized_generated,True,True,,1,True,True,20,True,True,True,0,0.3486015796661377,MMFF,161.93149619416948,ok,valid,
complex_crossdocked_000026__cand_0010,raw_generated,True,True,,1,False,True,20,True,True,True,2,0.8021304607391357,MMFF,265.5875495735618,ok,invalid,ligand_internal_severe_clash
complex_crossdocked_000026__cand_0010,standardized_generated,True,True,,1,True,True,20,True,True,True,2,0.8021304607391357,MMFF,265.5875495735618,ok,invalid,ligand_internal_severe_clash
complex_crossdocked_000026__cand_0011,raw_generated,True,True,,1,False,True,16,True,True,True,0,0.24835801124572754,MMFF,174.39699358738056,ok,valid,
complex_crossdocked_000026__cand_0011,standardized_generated,True,True,,1,True,True,16,True,True,True,0,0.24835801124572754,MMFF,174.39699358738056,ok,valid,
complex_crossdocked_000026__cand_0012,raw_generated,True,True,,1,False,True,24,True,True,True,2,0.5486443042755127,MMFF,357.7504722682411,ok,invalid,ligand_internal_severe_clash
complex_crossdocked_000026__cand_0012,standardized_generated,True,True,,1,True,True,24,True,True,True,2,0.5486443042755127,MMFF,357.7504722682411,ok,invalid,ligand_internal_severe_clash
complex_crossdocked_000026__cand_0013,raw_generated,True,True,,1,False,True,8,True,True,True,0,0.0816353034973143,MMFF,47.80078621477283,ok,valid,
complex_crossdocked_000026__cand_0013,standardized_generated,True,True,,1,True,True,8,True,True,True,0,0.0816353034973143,MMFF,47.80078621477283,ok,valid,
complex_crossdocked_000026__cand_0014,raw_generated,True,True,,1,False,True,11,True,True,True,0,0.21063947677612305,MMFF,141.49191317856128,ok,valid,
complex_crossdocked_000026__cand_0014,standardized_generated,True,True,,1,True,True,11,True,True,True,0,0.21063947677612305,MMFF,141.49191317856128,ok,valid,
complex_crossdocked_000026__cand_0015,raw_generated,True,True,,1,False,True,19,True,True,True,0,0.1507720947265625,MMFF,106.35694355007678,ok,valid,
complex_crossdocked_000026__cand_0015,standardized_generated,True,True,,1,True,True,19,True,True,True,0,0.1507720947265625,MMFF,106.35694355007678,ok,valid,
complex_crossdocked_000026__cand_0016,raw_generated,True,True,,1,False,True,12,True,True,True,0,0.08718378067016586,MMFF,48.95153348478399,ok,valid,
complex_crossdocked_000026__cand_0016,standardized_generated,True,True,,1,True,True,12,True,True,True,0,0.08718378067016586,MMFF,48.95153348478399,ok,valid,
complex_crossdocked_000026__cand_0017,raw_generated,True,True,,1,False,True,24,True,True,True,2,0.47544486045837386,MMFF,1441.098334947193,ok,invalid,ligand_internal_severe_clash
complex_crossdocked_000026__cand_0017,standardized_generated,True,True,,1,True,True,24,True,True,True,2,0.47544486045837386,MMFF,1441.098334947193,ok,invalid,ligand_internal_severe_clash
complex_crossdocked_000026__cand_0018,raw_generated,True,True,,1,False,True,19,True,True,True,1,0.4238111972808838,MMFF,175.61585578650656,ok,invalid,ligand_internal_severe_clash
complex_crossdocked_000026__cand_0018,standardized_generated,True,True,,1,True,True,19,True,True,True,1,0.4238111972808838,MMFF,175.61585578650656,ok,invalid,ligand_internal_severe_clash
complex_crossdocked_000026__cand_0019,raw_generated,True,True,,1,False,True,32,True,True,True,0,0.3176751136779785,MMFF,629.8426481224118,ok,valid,
complex_crossdocked_000026__cand_0019,standardized_generated,True,True,,1,True,True,32,True,True,True,0,0.3176751136779785,MMFF,629.8426481224118,ok,valid,
complex_crossdocked_000026__cand_0020,raw_generated,True,True,,1,False,True,13,True,True,True,0,0.3634212017059326,MMFF,110.4370076594802,ok,valid,
complex_crossdocked_000026__cand_0020,standardized_generated,True,True,,1,True,True,13,True,True,True,0,0.3634212017059326,MMFF,110.4370076594802,ok,valid,
complex_crossdocked_000027__cand_0001,raw_generated,True,True,,1,False,True,24,True,True,True,0,0.24683237075805664,MMFF,131.00792854474204,ok,valid,
complex_crossdocked_000027__cand_0001,standardized_generated,True,True,,1,True,True,24,True,True,True,0,0.24683237075805664,MMFF,131.00792854474204,ok,valid,
complex_crossdocked_000027__cand_0002,raw_generated,True,True,,1,False,True,21,True,True,True,1,0.46156907081604004,MMFF,179.26118734286993,ok,invalid,ligand_internal_severe_clash
complex_crossdocked_000027__cand_0002,standardized_generated,True,True,,1,True,True,21,True,True,True,1,0.46156907081604004,MMFF,179.26118734286993,ok,invalid,ligand_internal_severe_clash
complex_crossdocked_000027__cand_0003,raw_generated,True,True,,1,False,True,17,True,True,True,0,0.19414806365966797,MMFF,146.9556661057461,ok,valid,
complex_crossdocked_000027__cand_0003,standardized_generated,True,True,,1,True,True,17,True,True,True,0,0.19414806365966797,MMFF,146.9556661057461,ok,valid,
complex_crossdocked_000027__cand_0004,raw_generated,True,True,,1,False,True,26,True,True,True,1,0.621443510055542,MMFF,205.4425467831629,ok,invalid,ligand_internal_severe_clash
complex_crossdocked_000027__cand_0004,standardized_generated,True,True,,1,True,True,26,True,True,True,1,0.621443510055542,MMFF,205.4425467831629,ok,invalid,ligand_internal_severe_clash
complex_crossdocked_000027__cand_0005,raw_generated,True,True,,1,False,True,30,True,True,True,0,0.25841546058654785,MMFF,571.7938536012572,ok,valid,
complex_crossdocked_000027__cand_0005,standardized_generated,True,True,,1,True,True,30,True,True,True,0,0.25841546058654785,MMFF,571.7938536012572,ok,valid,
complex_crossdocked_000027__cand_0006,raw_generated,True,True,,1,False,True,22,True,True,True,0,0.31988150596618636,MMFF,208.9406502244023,ok,valid,
complex_crossdocked_000027__cand_0006,standardized_generated,True,True,,1,True,True,22,True,True,True,0,0.31988150596618636,MMFF,208.9406502244023,ok,valid,
complex_crossdocked_000027__cand_0007,raw_generated,True,True,,1,False,True,25,True,True,True,1,0.41895532608032227,MMFF,330.08805962268366,ok,invalid,ligand_internal_severe_clash
complex_crossdocked_000027__cand_0007,standardized_generated,True,True,,1,True,True,25,True,True,True,1,0.41895532608032227,MMFF,330.08805962268366,ok,invalid,ligand_internal_severe_clash
complex_crossdocked_000027__cand_0008,raw_generated,True,True,,1,False,True,15,True,True,True,0,0.1652371883392334,MMFF,20.625865493932302,ok,valid,
complex_crossdocked_000027__cand_0008,standardized_generated,True,True,,1,True,True,15,True,True,True,0,0.1652371883392334,MMFF,20.625865493932302,ok,valid,
complex_crossdocked_000027__cand_0009,raw_generated,True,True,,1,False,True,25,True,True,True,0,0.2811722755432129,MMFF,111.62131888740544,ok,valid,
complex_crossdocked_000027__cand_0009,standardized_generated,True,True,,1,True,True,25,True,True,True,0,0.2811722755432129,MMFF,111.62131888740544,ok,valid,
complex_crossdocked_000027__cand_0010,raw_generated,True,True,,1,False,True,10,True,True,True,0,0.12416219711303711,MMFF,131.0209033659777,ok,valid,
complex_crossdocked_000027__cand_0010,standardized_generated,True,True,,1,True,True,10,True,True,True,0,0.12416219711303711,MMFF,131.0209033659777,ok,valid,
complex_crossdocked_000027__cand_0011,raw_generated,True,True,,1,False,True,27,True,True,True,2,0.6537318897247313,MMFF,652.6804083071642,ok,invalid,ligand_internal_severe_clash
complex_crossdocked_000027__cand_0011,standardized_generated,True,True,,1,True,True,27,True,True,True,2,0.6537318897247313,MMFF,652.6804083071642,ok,invalid,ligand_internal_severe_clash
complex_crossdocked_000027__cand_0012,raw_generated,True,True,,1,False,True,21,True,True,True,6,0.7287603378295899,MMFF,330.14411929599197,ok,invalid,ligand_internal_severe_clash
complex_crossdocked_000027__cand_0012,standardized_generated,True,True,,1,True,True,21,True,True,True,6,0.7287603378295899,MMFF,330.14411929599197,ok,invalid,ligand_internal_severe_clash
complex_crossdocked_000027__cand_0013,raw_generated,True,True,,1,False,True,10,True,True,True,0,0.2064002513885499,MMFF,72.23757262217416,ok,valid,
complex_crossdocked_000027__cand_0013,standardized_generated,True,True,,1,True,True,10,True,True,True,0,0.2064002513885499,MMFF,72.23757262217416,ok,valid,
complex_crossdocked_000027__cand_0014,raw_generated,True,True,,1,False,True,15,True,True,True,0,0.30396342277526855,MMFF,102.49622173491997,ok,valid,
complex_crossdocked_000027__cand_0014,standardized_generated,True,True,,1,True,True,15,True,True,True,0,0.30396342277526855,MMFF,102.49622173491997,ok,valid,
complex_crossdocked_000027__cand_0015,raw_generated,True,True,,1,False,True,29,True,True,True,1,0.4854828834533693,MMFF,610.8938063035745,ok,invalid,ligand_internal_severe_clash
complex_crossdocked_000027__cand_0015,standardized_generated,True,True,,1,True,True,29,True,True,True,1,0.4854828834533693,MMFF,610.8938063035745,ok,invalid,ligand_internal_severe_clash
complex_crossdocked_000027__cand_0016,raw_generated,True,True,,1,False,True,11,True,True,True,1,0.5358130931854248,MMFF,383.367750985793,ok,invalid,ligand_internal_severe_clash
complex_crossdocked_000027__cand_0016,standardized_generated,True,True,,1,True,True,11,True,True,True,1,0.5358130931854248,MMFF,383.367750985793,ok,invalid,ligand_internal_severe_clash
complex_crossdocked_000027__cand_0017,raw_generated,True,True,,1,False,True,20,True,True,True,0,0.34009797096252425,MMFF,126.67661037529432,ok,valid,
complex_crossdocked_000027__cand_0017,standardized_generated,True,True,,1,True,True,20,True,True,True,0,0.34009797096252425,MMFF,126.67661037529432,ok,valid,
complex_crossdocked_000027__cand_0018,raw_generated,True,True,,1,False,True,13,True,True,True,0,0.3242204189300537,MMFF,76.54172785066962,ok,valid,
complex_crossdocked_000027__cand_0018,standardized_generated,True,True,,1,True,True,13,True,True,True,0,0.3242204189300537,MMFF,76.54172785066962,ok,valid,
complex_crossdocked_000027__cand_0019,raw_generated,True,True,,1,False,True,12,True,True,True,0,0.22257399559020996,MMFF,110.06623302786682,ok,valid,
complex_crossdocked_000027__cand_0019,standardized_generated,True,True,,1,True,True,12,True,True,True,0,0.22257399559020996,MMFF,110.06623302786682,ok,valid,
complex_crossdocked_000027__cand_0020,raw_generated,True,True,,1,False,True,11,True,True,True,0,0.012413187026977912,MMFF,46.242821346590546,ok,valid,
complex_crossdocked_000027__cand_0020,standardized_generated,True,True,,1,True,True,11,True,True,True,0,0.012413187026977912,MMFF,46.242821346590546,ok,valid,
complex_crossdocked_000028__cand_0001,raw_generated,True,True,,1,False,True,18,True,True,True,2,0.4957709312438965,MMFF,124.18175823014174,ok,invalid,ligand_internal_severe_clash
complex_crossdocked_000028__cand_0001,standardized_generated,True,True,,1,True,True,18,True,True,True,2,0.4957709312438965,MMFF,124.18175823014174,ok,invalid,ligand_internal_severe_clash
complex_crossdocked_000028__cand_0002,raw_generated,True,True,,1,False,True,24,True,True,True,0,0.261699914932251,MMFF,329.8149700966458,ok,valid,
complex_crossdocked_000028__cand_0002,standardized_generated,True,True,,1,True,True,24,True,True,True,0,0.261699914932251,MMFF,329.8149700966458,ok,valid,
complex_crossdocked_000028__cand_0003,raw_generated,True,True,,1,False,True,23,True,True,True,0,0.346942663192749,MMFF,195.30598715192605,ok,valid,
complex_crossdocked_000028__cand_0003,standardized_generated,True,True,,1,True,True,23,True,True,True,0,0.346942663192749,MMFF,195.30598715192605,ok,valid,
complex_crossdocked_000028__cand_0004,raw_generated,True,True,,1,False,True,10,True,True,True,0,0.37041592597961426,MMFF,118.6230462688728,ok,valid,
complex_crossdocked_000028__cand_0004,standardized_generated,True,True,,1,True,True,10,True,True,True,0,0.37041592597961426,MMFF,118.6230462688728,ok,valid,
complex_crossdocked_000028__cand_0005,raw_generated,True,True,,1,False,True,14,True,True,True,0,0.19138876914978065,MMFF,-21.68571002084291,ok,valid,
complex_crossdocked_000028__cand_0005,standardized_generated,True,True,,1,True,True,14,True,True,True,0,0.19138876914978065,MMFF,-21.68571002084291,ok,valid,
complex_crossdocked_000028__cand_0006,raw_generated,True,True,,1,False,True,21,True,True,True,1,0.47166139602661117,MMFF,308.2127356120986,ok,invalid,ligand_internal_severe_clash
complex_crossdocked_000028__cand_0006,standardized_generated,True,True,,1,True,True,21,True,True,True,1,0.47166139602661117,MMFF,308.2127356120986,ok,invalid,ligand_internal_severe_clash
complex_crossdocked_000028__cand_0007,raw_generated,True,True,,1,False,True,12,True,True,True,0,0.27420742034912093,MMFF,63.86618889467872,ok,valid,
complex_crossdocked_000028__cand_0007,standardized_generated,True,True,,1,True,True,12,True,True,True,0,0.27420742034912093,MMFF,63.86618889467872,ok,valid,
complex_crossdocked_000028__cand_0008,raw_generated,True,True,,1,False,True,12,True,True,True,3,0.5784852504730225,MMFF,363.70491262184646,ok,invalid,ligand_internal_severe_clash
complex_crossdocked_000028__cand_0008,standardized_generated,True,True,,1,True,True,12,True,True,True,3,0.5784852504730225,MMFF,363.70491262184646,ok,invalid,ligand_internal_severe_clash
complex_crossdocked_000028__cand_0009,raw_generated,True,True,,1,False,True,32,True,True,True,1,0.4603559970855713,MMFF,431.1067526791622,ok,invalid,ligand_internal_severe_clash
complex_crossdocked_000028__cand_0009,standardized_generated,True,True,,1,True,True,32,True,True,True,1,0.4603559970855713,MMFF,431.1067526791622,ok,invalid,ligand_internal_severe_clash
complex_crossdocked_000028__cand_0010,raw_generated,True,True,,1,False,True,13,True,True,True,0,0.28942036628723145,MMFF,47.420583773546326,ok,valid,
complex_crossdocked_000028__cand_0010,standardized_generated,True,True,,1,True,True,13,True,True,True,0,0.28942036628723145,MMFF,47.420583773546326,ok,valid,
complex_crossdocked_000028__cand_0011,raw_generated,True,True,,1,False,True,20,True,True,True,0,0.3934173583984375,MMFF,240.53142520648612,ok,valid,
complex_crossdocked_000028__cand_0011,standardized_generated,True,True,,1,True,True,20,True,True,True,0,0.3934173583984375,MMFF,240.53142520648612,ok,valid,
complex_crossdocked_000028__cand_0012,raw_generated,True,True,,1,False,True,17,True,True,True,0,0.2805745601654053,MMFF,90.81427203798259,ok,valid,
complex_crossdocked_000028__cand_0012,standardized_generated,True,True,,1,True,True,17,True,True,True,0,0.2805745601654053,MMFF,90.81427203798259,ok,valid,
complex_crossdocked_000028__cand_0013,raw_generated,True,True,,1,False,True,25,True,True,True,0,0.21194767951965332,MMFF,164.07805846275133,ok,valid,
complex_crossdocked_000028__cand_0013,standardized_generated,True,True,,1,True,True,25,True,True,True,0,0.21194767951965332,MMFF,164.07805846275133,ok,valid,
complex_crossdocked_000028__cand_0014,raw_generated,True,True,,1,False,True,21,True,True,True,0,0.34729166030883807,MMFF,258.6836203695495,ok,valid,
complex_crossdocked_000028__cand_0014,standardized_generated,True,True,,1,True,True,21,True,True,True,0,0.34729166030883807,MMFF,258.6836203695495,ok,valid,
complex_crossdocked_000028__cand_0015,raw_generated,True,True,,1,False,True,29,True,True,True,4,0.5496700763702393,MMFF,791.884145895415,ok,invalid,ligand_internal_severe_clash
complex_crossdocked_000028__cand_0015,standardized_generated,True,True,,1,True,True,29,True,True,True,4,0.5496700763702393,MMFF,791.884145895415,ok,invalid,ligand_internal_severe_clash
complex_crossdocked_000028__cand_0016,raw_generated,True,True,,1,False,True,31,True,True,True,0,0.33921027183532715,MMFF,416.67837309171654,ok,valid,
complex_crossdocked_000028__cand_0016,standardized_generated,True,True,,1,True,True,31,True,True,True,0,0.33921027183532715,MMFF,416.67837309171654,ok,valid,
complex_crossdocked_000028__cand_0017,raw_generated,True,True,,1,False,True,38,True,True,True,0,0.3245387077331543,MMFF,271.41054668264826,ok,valid,
complex_crossdocked_000028__cand_0017,standardized_generated,True,True,,1,True,True,38,True,True,True,0,0.3245387077331543,MMFF,271.41054668264826,ok,valid,
complex_crossdocked_000028__cand_0018,raw_generated,True,True,,1,False,True,20,True,True,True,1,0.4177296829223631,MMFF,196.58310924904936,ok,invalid,ligand_internal_severe_clash
complex_crossdocked_000028__cand_0018,standardized_generated,True,True,,1,True,True,20,True,True,True,1,0.4177296829223631,MMFF,196.58310924904936,ok,invalid,ligand_internal_severe_clash
complex_crossdocked_000028__cand_0019,raw_generated,True,True,,1,False,True,42,True,True,True,4,0.7000554275512694,MMFF,575.2931653419813,ok,invalid,ligand_internal_severe_clash
complex_crossdocked_000028__cand_0019,standardized_generated,True,True,,1,True,True,42,True,True,True,4,0.7000554275512694,MMFF,575.2931653419813,ok,invalid,ligand_internal_severe_clash
complex_crossdocked_000028__cand_0020,raw_generated,True,False,"Explicit valence for atom # 20 C, 5, is greater than permitted",1,False,True,21,True,True,True,0,0.2584497928619385,unavailable,,unavailable,invalid,rdkit_sanitize_failed
complex_crossdocked_000028__cand_0020,standardized_generated,True,False,"Explicit valence for atom # 20 C, 5, is greater than permitted",1,True,True,21,True,True,True,0,0.2584497928619385,unavailable,,unavailable,invalid,rdkit_sanitize_failed
complex_crossdocked_000001__cand_0001,raw_generated,True,True,,1,False,True,12,True,True,True,1,0.46721512794494613,MMFF,75.90853928038632,ok,invalid,ligand_internal_severe_clash
complex_crossdocked_000001__cand_0001,standardized_generated,True,True,,1,True,True,12,True,True,True,1,0.46721512794494613,MMFF,75.90853928038632,ok,invalid,ligand_internal_severe_clash
complex_crossdocked_000001__cand_0002,raw_generated,True,True,,1,False,True,20,True,True,True,1,0.5910003185272217,MMFF,319.7132284289499,ok,invalid,ligand_internal_severe_clash
complex_crossdocked_000001__cand_0002,standardized_generated,True,True,,1,True,True,20,True,True,True,1,0.5910003185272217,MMFF,319.7132284289499,ok,invalid,ligand_internal_severe_clash
complex_crossdocked_000001__cand_0003,raw_generated,True,True,,1,False,True,12,True,True,True,0,0.30677151679992676,MMFF,33.32688560637843,ok,valid,
complex_crossdocked_000001__cand_0003,standardized_generated,True,True,,1,True,True,12,True,True,True,0,0.30677151679992676,MMFF,33.32688560637843,ok,valid,
complex_crossdocked_000001__cand_0004,raw_generated,True,True,,1,False,True,19,True,True,True,3,0.5578877925872803,UFF,0.0,ok,invalid,ligand_internal_severe_clash
complex_crossdocked_000001__cand_0004,standardized_generated,True,True,,1,True,True,19,True,True,True,3,0.5578877925872803,UFF,0.0,ok,invalid,ligand_internal_severe_clash
complex_crossdocked_000001__cand_0005,raw_generated,True,True,,1,False,True,21,True,True,True,0,0.2970150184631346,MMFF,126.08659825814537,ok,valid,
complex_crossdocked_000001__cand_0005,standardized_generated,True,True,,1,True,True,21,True,True,True,0,0.2970150184631346,MMFF,126.08659825814537,ok,valid,
complex_crossdocked_000001__cand_0006,raw_generated,True,True,,1,False,True,12,True,True,True,0,0.3103351593017578,MMFF,125.3753785329359,ok,valid,
complex_crossdocked_000001__cand_0006,standardized_generated,True,True,,1,True,True,12,True,True,True,0,0.3103351593017578,MMFF,125.3753785329359,ok,valid,
complex_crossdocked_000001__cand_0007,raw_generated,True,False,"Explicit valence for atom # 14 C, 5, is greater than permitted",1,False,True,23,True,True,True,0,0.2917718124389652,unavailable,,unavailable,invalid,rdkit_sanitize_failed
complex_crossdocked_000001__cand_0007,standardized_generated,True,False,"Explicit valence for atom # 14 C, 5, is greater than permitted",1,True,True,23,True,True,True,0,0.2917718124389652,unavailable,,unavailable,invalid,rdkit_sanitize_failed
complex_crossdocked_000001__cand_0008,raw_generated,True,True,,1,False,True,14,True,True,True,0,0.36488819122314453,MMFF,100.55828170069324,ok,valid,
complex_crossdocked_000001__cand_0008,standardized_generated,True,True,,1,True,True,14,True,True,True,0,0.36488819122314453,MMFF,100.55828170069324,ok,valid,
complex_crossdocked_000001__cand_0009,raw_generated,True,True,,1,False,True,6,True,True,True,1,0.5872131061553953,MMFF,47.53020192105714,ok,invalid,ligand_internal_severe_clash
complex_crossdocked_000001__cand_0009,standardized_generated,True,True,,1,True,True,6,True,True,True,1,0.5872131061553953,MMFF,47.53020192105714,ok,invalid,ligand_internal_severe_clash
complex_crossdocked_000001__cand_0010,raw_generated,True,True,,1,False,True,22,True,True,True,1,0.483656644821167,MMFF,343.1629799956406,ok,invalid,ligand_internal_severe_clash
complex_crossdocked_000001__cand_0010,standardized_generated,True,True,,1,True,True,22,True,True,True,1,0.483656644821167,MMFF,343.1629799956406,ok,invalid,ligand_internal_severe_clash
complex_crossdocked_000001__cand_0011,raw_generated,True,True,,1,False,True,18,True,True,True,1,0.41561562538146957,MMFF,697.0723846640308,ok,invalid,ligand_internal_severe_clash
complex_crossdocked_000001__cand_0011,standardized_generated,True,True,,1,True,True,18,True,True,True,1,0.41561562538146957,MMFF,697.0723846640308,ok,invalid,ligand_internal_severe_clash
complex_crossdocked_000001__cand_0012,raw_generated,True,True,,1,False,True,10,True,True,True,2,0.5745037269592284,MMFF,118.20214753590852,ok,invalid,ligand_internal_severe_clash
complex_crossdocked_000001__cand_0012,standardized_generated,True,True,,1,True,True,10,True,True,True,2,0.5745037269592284,MMFF,118.20214753590852,ok,invalid,ligand_internal_severe_clash
complex_crossdocked_000001__cand_0013,raw_generated,True,True,,1,False,True,16,True,True,True,0,0.29853010177612305,MMFF,120.72858974445572,ok,valid,
complex_crossdocked_000001__cand_0013,standardized_generated,True,True,,1,True,True,16,True,True,True,0,0.29853010177612305,MMFF,120.72858974445572,ok,valid,
complex_crossdocked_000001__cand_0014,raw_generated,True,True,,1,False,True,16,True,True,True,1,0.4192075729370117,MMFF,169.77313543875778,ok,invalid,ligand_internal_severe_clash
complex_crossdocked_000001__cand_0014,standardized_generated,True,True,,1,True,True,16,True,True,True,1,0.4192075729370117,MMFF,169.77313543875778,ok,invalid,ligand_internal_severe_clash
complex_crossdocked_000001__cand_0015,raw_generated,True,True,,1,False,True,13,True,True,True,0,0.1646831989288331,MMFF,208.17863109242046,ok,valid,
complex_crossdocked_000001__cand_0015,standardized_generated,True,True,,1,True,True,13,True,True,True,0,0.1646831989288331,MMFF,208.17863109242046,ok,valid,
complex_crossdocked_000001__cand_0016,raw_generated,True,True,,1,False,True,11,True,True,True,1,0.4662046432495117,MMFF,261.4179153928884,ok,invalid,ligand_internal_severe_clash
complex_crossdocked_000001__cand_0016,standardized_generated,True,True,,1,True,True,11,True,True,True,1,0.4662046432495117,MMFF,261.4179153928884,ok,invalid,ligand_internal_severe_clash
complex_crossdocked_000001__cand_0017,raw_generated,True,True,,1,False,True,6,True,True,True,0,0.0,MMFF,31.56816732195297,ok,valid,
complex_crossdocked_000001__cand_0017,standardized_generated,True,True,,1,True,True,6,True,True,True,0,0.0,MMFF,31.56816732195297,ok,valid,
complex_crossdocked_000001__cand_0018,raw_generated,True,True,,1,False,True,9,True,True,True,0,0.2220163345336914,MMFF,42.324148619895006,ok,valid,
complex_crossdocked_000001__cand_0018,standardized_generated,True,True,,1,True,True,9,True,True,True,0,0.2220163345336914,MMFF,42.324148619895006,ok,valid,
complex_crossdocked_000001__cand_0019,raw_generated,True,True,,1,False,True,24,True,True,True,2,0.5496113300323486,MMFF,396.99965094264167,ok,invalid,ligand_internal_severe_clash
complex_crossdocked_000001__cand_0019,standardized_generated,True,True,,1,True,True,24,True,True,True,2,0.5496113300323486,MMFF,396.99965094264167,ok,invalid,ligand_internal_severe_clash
complex_crossdocked_000001__cand_0020,raw_generated,True,True,,1,False,True,13,True,True,True,1,0.45423323631286605,MMFF,139.29338891779946,ok,invalid,ligand_internal_severe_clash
complex_crossdocked_000001__cand_0020,standardized_generated,True,True,,1,True,True,13,True,True,True,1,0.45423323631286605,MMFF,139.29338891779946,ok,invalid,ligand_internal_severe_clash
complex_crossdocked_000002__cand_0001,raw_generated,True,True,,1,False,True,12,True,True,True,2,0.7633896541595457,MMFF,175.10573251551,ok,invalid,ligand_internal_severe_clash
complex_crossdocked_000002__cand_0001,standardized_generated,True,True,,1,True,True,12,True,True,True,2,0.7633896541595457,MMFF,175.10573251551,ok,invalid,ligand_internal_severe_clash
complex_crossdocked_000002__cand_0002,raw_generated,True,True,,1,False,True,9,True,True,True,0,0.2496654987335205,MMFF,89.37762206344968,ok,valid,
complex_crossdocked_000002__cand_0002,standardized_generated,True,True,,1,True,True,9,True,True,True,0,0.2496654987335205,MMFF,89.37762206344968,ok,valid,
complex_crossdocked_000002__cand_0003,raw_generated,True,True,,1,False,True,13,True,True,True,0,0.34609198570251465,MMFF,85.34994029441303,ok,valid,
complex_crossdocked_000002__cand_0003,standardized_generated,True,True,,1,True,True,13,True,True,True,0,0.34609198570251465,MMFF,85.34994029441303,ok,valid,
complex_crossdocked_000002__cand_0004,raw_generated,True,True,,1,False,True,6,True,True,True,0,0.10017601966857947,MMFF,28.00482380119509,ok,valid,
complex_crossdocked_000002__cand_0004,standardized_generated,True,True,,1,True,True,6,True,True,True,0,0.10017601966857947,MMFF,28.00482380119509,ok,valid,
complex_crossdocked_000002__cand_0005,raw_generated,True,True,,1,False,True,7,True,True,True,0,0.19777590751647933,MMFF,17.33148405801596,ok,valid,
complex_crossdocked_000002__cand_0005,standardized_generated,True,True,,1,True,True,7,True,True,True,0,0.19777590751647933,MMFF,17.33148405801596,ok,valid,
complex_crossdocked_000002__cand_0006,raw_generated,True,True,,1,False,True,13,True,True,True,3,0.7318868637084961,MMFF,349.8768143943414,ok,invalid,ligand_internal_severe_clash
complex_crossdocked_000002__cand_0006,standardized_generated,True,True,,1,True,True,13,True,True,True,3,0.7318868637084961,MMFF,349.8768143943414,ok,invalid,ligand_internal_severe_clash
complex_crossdocked_000002__cand_0007,raw_generated,True,True,,1,False,True,6,True,True,True,0,0.0,MMFF,24.515866554346708,ok,valid,
complex_crossdocked_000002__cand_0007,standardized_generated,True,True,,1,True,True,6,True,True,True,0,0.0,MMFF,24.515866554346708,ok,valid,
complex_crossdocked_000002__cand_0008,raw_generated,True,True,,1,False,True,7,True,True,True,0,0.0,MMFF,24.03407296420142,ok,valid,
complex_crossdocked_000002__cand_0008,standardized_generated,True,True,,1,True,True,7,True,True,True,0,0.0,MMFF,24.03407296420142,ok,valid,
complex_crossdocked_000002__cand_0009,raw_generated,True,True,,1,False,True,11,True,True,True,0,0.0,MMFF,38.42851280877465,ok,valid,
complex_crossdocked_000002__cand_0009,standardized_generated,True,True,,1,True,True,11,True,True,True,0,0.0,MMFF,38.42851280877465,ok,valid,
complex_crossdocked_000002__cand_0010,raw_generated,True,True,,1,False,True,13,True,True,True,0,0.09329280853271493,MMFF,52.47936256675662,ok,valid,
complex_crossdocked_000002__cand_0010,standardized_generated,True,True,,1,True,True,13,True,True,True,0,0.09329280853271493,MMFF,52.47936256675662,ok,valid,
complex_crossdocked_000002__cand_0011,raw_generated,True,True,,1,False,True,10,True,True,True,0,0.3688550662994383,MMFF,3.2653630215277722,ok,valid,
complex_crossdocked_000002__cand_0011,standardized_generated,True,True,,1,True,True,10,True,True,True,0,0.3688550662994383,MMFF,3.2653630215277722,ok,valid,
complex_crossdocked_000002__cand_0012,raw_generated,True,True,,1,False,True,7,True,True,True,0,0.2999591827392578,MMFF,41.12999105488733,ok,valid,
complex_crossdocked_000002__cand_0012,standardized_generated,True,True,,1,True,True,7,True,True,True,0,0.2999591827392578,MMFF,41.12999105488733,ok,valid,
complex_crossdocked_000002__cand_0013,raw_generated,True,True,,1,False,True,12,True,True,True,0,0.32471394538879395,MMFF,87.7785916535616,ok,valid,
complex_crossdocked_000002__cand_0013,standardized_generated,True,True,,1,True,True,12,True,True,True,0,0.32471394538879395,MMFF,87.7785916535616,ok,valid,
complex_crossdocked_000002__cand_0014,raw_generated,True,True,,1,False,True,10,True,True,True,0,0.0,MMFF,145.6648217766129,ok,valid,
complex_crossdocked_000002__cand_0014,standardized_generated,True,True,,1,True,True,10,True,True,True,0,0.0,MMFF,145.6648217766129,ok,valid,
complex_crossdocked_000002__cand_0015,raw_generated,True,True,,1,False,True,13,True,True,True,0,0.35768375396728525,MMFF,100.67470890321687,ok,valid,
complex_crossdocked_000002__cand_0015,standardized_generated,True,True,,1,True,True,13,True,True,True,0,0.35768375396728525,MMFF,100.67470890321687,ok,valid,
complex_crossdocked_000002__cand_0016,raw_generated,True,True,,1,False,True,14,True,True,True,0,0.2988858222961426,MMFF,50.841523405721226,ok,valid,
complex_crossdocked_000002__cand_0016,standardized_generated,True,True,,1,True,True,14,True,True,True,0,0.2988858222961426,MMFF,50.841523405721226,ok,valid,
complex_crossdocked_000002__cand_0017,raw_generated,True,True,,1,False,True,9,True,True,True,6,1.2526952981948853,MMFF,1752.348549083314,ok,invalid,ligand_internal_severe_clash
complex_crossdocked_000002__cand_0017,standardized_generated,True,True,,1,True,True,9,True,True,True,6,1.2526952981948853,MMFF,1752.348549083314,ok,invalid,ligand_internal_severe_clash
complex_crossdocked_000002__cand_0018,raw_generated,True,True,,1,False,True,12,True,True,True,0,0.36426353454589844,MMFF,278.18831034463267,ok,valid,
complex_crossdocked_000002__cand_0018,standardized_generated,True,True,,1,True,True,12,True,True,True,0,0.36426353454589844,MMFF,278.18831034463267,ok,valid,
complex_crossdocked_000002__cand_0019,raw_generated,True,True,,1,False,True,15,True,True,True,0,0.3504873943328861,MMFF,209.99602587780922,ok,valid,
complex_crossdocked_000002__cand_0019,standardized_generated,True,True,,1,True,True,15,True,True,True,0,0.3504873943328861,MMFF,209.99602587780922,ok,valid,
complex_crossdocked_000002__cand_0020,raw_generated,True,True,,1,False,True,10,True,True,True,0,0.0,MMFF,22.49274222479337,ok,valid,
complex_crossdocked_000002__cand_0020,standardized_generated,True,True,,1,True,True,10,True,True,True,0,0.0,MMFF,22.49274222479337,ok,valid,
complex_crossdocked_000003__cand_0001,raw_generated,True,True,,1,False,True,20,True,True,True,3,0.4590110778808594,MMFF,310.70299975746394,ok,invalid,ligand_internal_severe_clash
complex_crossdocked_000003__cand_0001,standardized_generated,True,True,,1,True,True,20,True,True,True,3,0.4590110778808594,MMFF,310.70299975746394,ok,invalid,ligand_internal_severe_clash
complex_crossdocked_000003__cand_0002,raw_generated,True,True,,1,False,True,15,True,True,True,0,0.314786434173584,MMFF,184.4578500449262,ok,valid,
complex_crossdocked_000003__cand_0002,standardized_generated,True,True,,1,True,True,15,True,True,True,0,0.314786434173584,MMFF,184.4578500449262,ok,valid,
complex_crossdocked_000003__cand_0003,raw_generated,True,True,,1,False,True,12,True,True,True,0,0.2561180591583252,MMFF,59.66492288475865,ok,valid,
complex_crossdocked_000003__cand_0003,standardized_generated,True,True,,1,True,True,12,True,True,True,0,0.2561180591583252,MMFF,59.66492288475865,ok,valid,
complex_crossdocked_000003__cand_0004,raw_generated,True,True,,1,False,True,20,True,True,True,4,0.5147101879119873,MMFF,1512.843558211321,ok,invalid,ligand_internal_severe_clash
complex_crossdocked_000003__cand_0004,standardized_generated,True,True,,1,True,True,20,True,True,True,4,0.5147101879119873,MMFF,1512.843558211321,ok,invalid,ligand_internal_severe_clash
complex_crossdocked_000003__cand_0005,raw_generated,True,True,,1,False,True,18,True,True,True,4,1.1956693601608275,MMFF,1033.5796528455978,ok,invalid,ligand_internal_severe_clash
complex_crossdocked_000003__cand_0005,standardized_generated,True,True,,1,True,True,18,True,True,True,4,1.1956693601608275,MMFF,1033.5796528455978,ok,invalid,ligand_internal_severe_clash
complex_crossdocked_000003__cand_0006,raw_generated,True,True,,1,False,True,15,True,True,True,0,0.2454664707183838,MMFF,61.22431360165709,ok,valid,
complex_crossdocked_000003__cand_0006,standardized_generated,True,True,,1,True,True,15,True,True,True,0,0.2454664707183838,MMFF,61.22431360165709,ok,valid,
complex_crossdocked_000003__cand_0007,raw_generated,True,True,,1,False,True,15,True,True,True,0,0.21961569786071777,MMFF,156.64290737427388,ok,valid,
complex_crossdocked_000003__cand_0007,standardized_generated,True,True,,1,True,True,15,True,True,True,0,0.21961569786071777,MMFF,156.64290737427388,ok,valid,
complex_crossdocked_000003__cand_0008,raw_generated,True,False,"Explicit valence for atom # 4 N, 4, is greater than permitted",1,False,True,17,True,True,True,4,0.9281313419342041,unavailable,,unavailable,invalid,rdkit_sanitize_failed;ligand_internal_severe_clash
complex_crossdocked_000003__cand_0008,standardized_generated,True,False,"Explicit valence for atom # 4 N, 4, is greater than permitted",1,True,True,17,True,True,True,4,0.9281313419342041,unavailable,,unavailable,invalid,rdkit_sanitize_failed;ligand_internal_severe_clash
complex_crossdocked_000003__cand_0009,raw_generated,True,True,,1,False,True,18,True,True,True,2,0.46196634292602523,MMFF,148.07567576097594,ok,invalid,ligand_internal_severe_clash
complex_crossdocked_000003__cand_0009,standardized_generated,True,True,,1,True,True,18,True,True,True,2,0.46196634292602523,MMFF,148.07567576097594,ok,invalid,ligand_internal_severe_clash
complex_crossdocked_000003__cand_0010,raw_generated,True,True,,1,False,True,10,True,True,True,0,0.0,MMFF,18.082222440125143,ok,valid,
complex_crossdocked_000003__cand_0010,standardized_generated,True,True,,1,True,True,10,True,True,True,0,0.0,MMFF,18.082222440125143,ok,valid,
complex_crossdocked_000003__cand_0011,raw_generated,True,True,,1,False,True,14,True,True,True,2,0.6178117752075196,MMFF,548.9514475742557,ok,invalid,ligand_internal_severe_clash
complex_crossdocked_000003__cand_0011,standardized_generated,True,True,,1,True,True,14,True,True,True,2,0.6178117752075196,MMFF,548.9514475742557,ok,invalid,ligand_internal_severe_clash
complex_crossdocked_000003__cand_0012,raw_generated,True,True,,1,False,True,21,True,True,True,39,1.7641342878341675,MMFF,8058.5304823514125,ok,invalid,ligand_internal_severe_clash
complex_crossdocked_000003__cand_0012,standardized_generated,True,True,,1,True,True,21,True,True,True,39,1.7641342878341675,MMFF,8058.5304823514125,ok,invalid,ligand_internal_severe_clash
complex_crossdocked_000003__cand_0013,raw_generated,True,True,,1,False,True,11,True,True,True,7,1.3282403945922852,MMFF,1045.285091532747,ok,invalid,ligand_internal_severe_clash
complex_crossdocked_000003__cand_0013,standardized_generated,True,True,,1,True,True,11,True,True,True,7,1.3282403945922852,MMFF,1045.285091532747,ok,invalid,ligand_internal_severe_clash
complex_crossdocked_000003__cand_0014,raw_generated,True,True,,1,False,True,23,True,True,True,1,0.4134364128112793,MMFF,416.05034976125995,ok,invalid,ligand_internal_severe_clash
complex_crossdocked_000003__cand_0014,standardized_generated,True,True,,1,True,True,23,True,True,True,1,0.4134364128112793,MMFF,416.05034976125995,ok,invalid,ligand_internal_severe_clash
complex_crossdocked_000003__cand_0015,raw_generated,True,True,,1,False,True,13,True,True,True,0,0.21659445762634277,MMFF,103.91309078300736,ok,valid,
complex_crossdocked_000003__cand_0015,standardized_generated,True,True,,1,True,True,13,True,True,True,0,0.21659445762634277,MMFF,103.91309078300736,ok,valid,
complex_crossdocked_000003__cand_0016,raw_generated,True,True,,1,False,True,13,True,True,True,1,0.5515944194793705,MMFF,394.12661018269824,ok,invalid,ligand_internal_severe_clash
complex_crossdocked_000003__cand_0016,standardized_generated,True,True,,1,True,True,13,True,True,True,1,0.5515944194793705,MMFF,394.12661018269824,ok,invalid,ligand_internal_severe_clash
complex_crossdocked_000003__cand_0017,raw_generated,True,True,,1,False,True,10,True,True,True,3,0.5899205207824707,MMFF,277.5968813923147,ok,invalid,ligand_internal_severe_clash
complex_crossdocked_000003__cand_0017,standardized_generated,True,True,,1,True,True,10,True,True,True,3,0.5899205207824707,MMFF,277.5968813923147,ok,invalid,ligand_internal_severe_clash
complex_crossdocked_000003__cand_0018,raw_generated,True,True,,1,False,True,11,True,True,True,0,0.3239305019378662,MMFF,37.70650303102717,ok,valid,
complex_crossdocked_000003__cand_0018,standardized_generated,True,True,,1,True,True,11,True,True,True,0,0.3239305019378662,MMFF,37.70650303102717,ok,valid,
complex_crossdocked_000003__cand_0019,raw_generated,True,True,,1,False,True,30,True,True,True,6,0.9751701354980469,MMFF,1368.9193436627345,ok,invalid,ligand_internal_severe_clash
complex_crossdocked_000003__cand_0019,standardized_generated,True,True,,1,True,True,30,True,True,True,6,0.9751701354980469,MMFF,1368.9193436627345,ok,invalid,ligand_internal_severe_clash
complex_crossdocked_000003__cand_0020,raw_generated,True,True,,1,False,True,5,True,True,True,0,0.17935530662536658,MMFF,46.32446941512292,ok,valid,
complex_crossdocked_000003__cand_0020,standardized_generated,True,True,,1,True,True,5,True,True,True,0,0.17935530662536658,MMFF,46.32446941512292,ok,valid,
complex_crossdocked_000004__cand_0001,raw_generated,True,True,,1,False,True,13,True,True,True,0,0.2589583396911621,MMFF,56.01544479331124,ok,valid,
complex_crossdocked_000004__cand_0001,standardized_generated,True,True,,1,True,True,13,True,True,True,0,0.2589583396911621,MMFF,56.01544479331124,ok,valid,
complex_crossdocked_000004__cand_0002,raw_generated,True,True,,1,False,True,11,True,True,True,0,0.19485013008117713,MMFF,78.71154585288559,ok,valid,
complex_crossdocked_000004__cand_0002,standardized_generated,True,True,,1,True,True,11,True,True,True,0,0.19485013008117713,MMFF,78.71154585288559,ok,valid,
complex_crossdocked_000004__cand_0003,raw_generated,True,True,,1,False,True,21,True,True,True,0,0.30285072326660156,MMFF,72.02801615048273,ok,valid,
complex_crossdocked_000004__cand_0003,standardized_generated,True,True,,1,True,True,21,True,True,True,0,0.30285072326660156,MMFF,72.02801615048273,ok,valid,
complex_crossdocked_000004__cand_0004,raw_generated,True,True,,1,False,True,21,True,True,True,5,0.68807110786438,MMFF,427.65739435804056,ok,invalid,ligand_internal_severe_clash
complex_crossdocked_000004__cand_0004,standardized_generated,True,True,,1,True,True,21,True,True,True,5,0.68807110786438,MMFF,427.65739435804056,ok,invalid,ligand_internal_severe_clash
complex_crossdocked_000004__cand_0005,raw_generated,True,True,,1,False,True,10,True,True,True,0,0.38134026527404785,MMFF,-18.22594183599109,ok,valid,
complex_crossdocked_000004__cand_0005,standardized_generated,True,True,,1,True,True,10,True,True,True,0,0.38134026527404785,MMFF,-18.22594183599109,ok,valid,
complex_crossdocked_000004__cand_0006,raw_generated,True,True,,1,False,True,22,True,True,True,2,0.5713424682617188,MMFF,452.51771796333065,ok,invalid,ligand_internal_severe_clash
complex_crossdocked_000004__cand_0006,standardized_generated,True,True,,1,True,True,22,True,True,True,2,0.5713424682617188,MMFF,452.51771796333065,ok,invalid,ligand_internal_severe_clash
complex_crossdocked_000004__cand_0007,raw_generated,True,True,,1,False,True,24,True,True,True,1,0.9667444229125977,MMFF,262.64050481020115,ok,invalid,ligand_internal_severe_clash
complex_crossdocked_000004__cand_0007,standardized_generated,True,True,,1,True,True,24,True,True,True,1,0.9667444229125977,MMFF,262.64050481020115,ok,invalid,ligand_internal_severe_clash
complex_crossdocked_000004__cand_0008,raw_generated,True,True,,1,False,True,23,True,True,True,3,0.9679560661315918,MMFF,503.3705637764415,ok,invalid,ligand_internal_severe_clash
complex_crossdocked_000004__cand_0008,standardized_generated,True,True,,1,True,True,23,True,True,True,3,0.9679560661315918,MMFF,503.3705637764415,ok,invalid,ligand_internal_severe_clash
complex_crossdocked_000004__cand_0009,raw_generated,True,True,,1,False,True,19,True,True,True,0,0.271852970123291,MMFF,241.18516719652516,ok,valid,
complex_crossdocked_000004__cand_0009,standardized_generated,True,True,,1,True,True,19,True,True,True,0,0.271852970123291,MMFF,241.18516719652516,ok,valid,
complex_crossdocked_000004__cand_0010,raw_generated,True,True,,1,False,True,18,True,True,True,0,0.3911887168884278,MMFF,89.63332661174753,ok,valid,
complex_crossdocked_000004__cand_0010,standardized_generated,True,True,,1,True,True,18,True,True,True,0,0.3911887168884278,MMFF,89.63332661174753,ok,valid,
complex_crossdocked_000004__cand_0011,raw_generated,True,True,,1,False,True,11,True,True,True,0,0.23651868820190414,MMFF,103.8155527330895,ok,valid,
complex_crossdocked_000004__cand_0011,standardized_generated,True,True,,1,True,True,11,True,True,True,0,0.23651868820190414,MMFF,103.8155527330895,ok,valid,
complex_crossdocked_000004__cand_0012,raw_generated,True,True,,1,False,True,12,True,True,True,0,0.3805263042449951,MMFF,266.6798414323992,ok,valid,
complex_crossdocked_000004__cand_0012,standardized_generated,True,True,,1,True,True,12,True,True,True,0,0.3805263042449951,MMFF,266.6798414323992,ok,valid,
complex_crossdocked_000004__cand_0013,raw_generated,True,True,,1,False,True,19,True,True,True,1,0.5782575607299805,MMFF,182.17731378159408,ok,invalid,ligand_internal_severe_clash
complex_crossdocked_000004__cand_0013,standardized_generated,True,True,,1,True,True,19,True,True,True,1,0.5782575607299805,MMFF,182.17731378159408,ok,invalid,ligand_internal_severe_clash
complex_crossdocked_000004__cand_0014,raw_generated,True,True,,1,False,True,21,True,True,True,0,0.3355121612548828,MMFF,187.76961096097205,ok,valid,
complex_crossdocked_000004__cand_0014,standardized_generated,True,True,,1,True,True,21,True,True,True,0,0.3355121612548828,MMFF,187.76961096097205,ok,valid,
complex_crossdocked_000004__cand_0015,raw_generated,True,True,,1,False,True,14,True,True,True,0,0.083343505859375,MMFF,50.18779728530627,ok,valid,
complex_crossdocked_000004__cand_0015,standardized_generated,True,True,,1,True,True,14,True,True,True,0,0.083343505859375,MMFF,50.18779728530627,ok,valid,
complex_crossdocked_000004__cand_0016,raw_generated,True,True,,1,False,True,9,True,True,True,1,0.444479293823242,MMFF,39.12461829759276,ok,invalid,ligand_internal_severe_clash
complex_crossdocked_000004__cand_0016,standardized_generated,True,True,,1,True,True,9,True,True,True,1,0.444479293823242,MMFF,39.12461829759276,ok,invalid,ligand_internal_severe_clash
complex_crossdocked_000004__cand_0017,raw_generated,True,True,,1,False,True,23,True,True,True,2,0.40935618400573714,MMFF,215.31351130195281,ok,invalid,ligand_internal_severe_clash
complex_crossdocked_000004__cand_0017,standardized_generated,True,True,,1,True,True,23,True,True,True,2,0.40935618400573714,MMFF,215.31351130195281,ok,invalid,ligand_internal_severe_clash
complex_crossdocked_000004__cand_0018,raw_generated,True,True,,1,False,True,12,True,True,True,0,0.0,MMFF,82.74832410159277,ok,valid,
complex_crossdocked_000004__cand_0018,standardized_generated,True,True,,1,True,True,12,True,True,True,0,0.0,MMFF,82.74832410159277,ok,valid,
complex_crossdocked_000004__cand_0019,raw_generated,True,True,,1,False,True,16,True,True,True,0,0.06386065483093262,MMFF,24.47494698628801,ok,valid,
complex_crossdocked_000004__cand_0019,standardized_generated,True,True,,1,True,True,16,True,True,True,0,0.06386065483093262,MMFF,24.47494698628801,ok,valid,
complex_crossdocked_000004__cand_0020,raw_generated,True,True,,1,False,True,11,True,True,True,0,0.1726076602935791,MMFF,76.9764636148341,ok,valid,
complex_crossdocked_000004__cand_0020,standardized_generated,True,True,,1,True,True,11,True,True,True,0,0.1726076602935791,MMFF,76.9764636148341,ok,valid,
complex_crossdocked_000005__cand_0001,raw_generated,True,True,,1,False,True,5,True,True,True,0,0.0,MMFF,47.15988546815729,ok,valid,
complex_crossdocked_000005__cand_0001,standardized_generated,True,True,,1,True,True,5,True,True,True,0,0.0,MMFF,47.15988546815729,ok,valid,
complex_crossdocked_000005__cand_0002,raw_generated,True,True,,1,False,True,13,True,True,True,0,0.2742908000946045,MMFF,96.23824445444004,ok,valid,
complex_crossdocked_000005__cand_0002,standardized_generated,True,True,,1,True,True,13,True,True,True,0,0.2742908000946045,MMFF,96.23824445444004,ok,valid,
complex_crossdocked_000005__cand_0003,raw_generated,True,True,,1,False,True,13,True,True,True,1,0.5652780532836914,MMFF,157.74031396031754,ok,invalid,ligand_internal_severe_clash
complex_crossdocked_000005__cand_0003,standardized_generated,True,True,,1,True,True,13,True,True,True,1,0.5652780532836914,MMFF,157.74031396031754,ok,invalid,ligand_internal_severe_clash
complex_crossdocked_000005__cand_0004,raw_generated,True,True,,1,False,True,8,True,True,True,0,0.0,MMFF,56.02889263454061,ok,valid,
complex_crossdocked_000005__cand_0004,standardized_generated,True,True,,1,True,True,8,True,True,True,0,0.0,MMFF,56.02889263454061,ok,valid,
complex_crossdocked_000005__cand_0005,raw_generated,True,True,,1,False,True,9,True,True,True,0,0.2199559211730957,MMFF,86.51223075570812,ok,valid,
complex_crossdocked_000005__cand_0005,standardized_generated,True,True,,1,True,True,9,True,True,True,0,0.2199559211730957,MMFF,86.51223075570812,ok,valid,
complex_crossdocked_000005__cand_0006,raw_generated,True,True,,1,False,True,4,False,True,True,0,0.0,MMFF,-4.34876211841001,ok,invalid,heavy_atom_count_out_of_range
complex_crossdocked_000005__cand_0006,standardized_generated,True,True,,1,True,True,4,False,True,True,0,0.0,MMFF,-4.34876211841001,ok,invalid,heavy_atom_count_out_of_range
complex_crossdocked_000005__cand_0007,raw_generated,True,True,,1,False,True,6,True,True,True,0,0.0,MMFF,16.891815302347002,ok,valid,
complex_crossdocked_000005__cand_0007,standardized_generated,True,True,,1,True,True,6,True,True,True,0,0.0,MMFF,16.891815302347002,ok,valid,
complex_crossdocked_000005__cand_0008,raw_generated,True,True,,1,False,True,6,True,True,True,0,0.0,MMFF,163.31959447814103,ok,valid,
complex_crossdocked_000005__cand_0008,standardized_generated,True,True,,1,True,True,6,True,True,True,0,0.0,MMFF,163.31959447814103,ok,valid,
complex_crossdocked_000005__cand_0009,raw_generated,True,True,,1,False,True,3,False,True,True,0,0.0,MMFF,0.8554363709700517,ok,invalid,heavy_atom_count_out_of_range
complex_crossdocked_000005__cand_0009,standardized_generated,True,True,,1,True,True,3,False,True,True,0,0.0,MMFF,0.8554363709700517,ok,invalid,heavy_atom_count_out_of_range
complex_crossdocked_000005__cand_0010,raw_generated,True,True,,1,False,True,11,True,True,True,1,0.6463015079498291,MMFF,71.64949659815284,ok,invalid,ligand_internal_severe_clash
complex_crossdocked_000005__cand_0010,standardized_generated,True,True,,1,True,True,11,True,True,True,1,0.6463015079498291,MMFF,71.64949659815284,ok,invalid,ligand_internal_severe_clash
complex_crossdocked_000005__cand_0011,raw_generated,True,True,,1,False,True,8,True,True,True,0,0.2697935104370117,MMFF,52.99351014715485,ok,valid,
complex_crossdocked_000005__cand_0011,standardized_generated,True,True,,1,True,True,8,True,True,True,0,0.2697935104370117,MMFF,52.99351014715485,ok,valid,
complex_crossdocked_000005__cand_0012,raw_generated,True,True,,1,False,True,11,True,True,True,0,0.06008896827697763,MMFF,80.65359152651604,ok,valid,
complex_crossdocked_000005__cand_0012,standardized_generated,True,True,,1,True,True,11,True,True,True,0,0.06008896827697763,MMFF,80.65359152651604,ok,valid,
complex_crossdocked_000005__cand_0013,raw_generated,True,True,,1,False,True,13,True,True,True,0,0.19768435478210433,MMFF,113.42852250331174,ok,valid,
complex_crossdocked_000005__cand_0013,standardized_generated,True,True,,1,True,True,13,True,True,True,0,0.19768435478210433,MMFF,113.42852250331174,ok,valid,
complex_crossdocked_000005__cand_0014,raw_generated,True,True,,1,False,True,19,True,True,True,1,0.4501523971557617,MMFF,127.37792604196694,ok,invalid,ligand_internal_severe_clash
complex_crossdocked_000005__cand_0014,standardized_generated,True,True,,1,True,True,19,True,True,True,1,0.4501523971557617,MMFF,127.37792604196694,ok,invalid,ligand_internal_severe_clash
complex_crossdocked_000005__cand_0015,raw_generated,True,True,,1,False,True,5,True,True,True,0,0.06735825538635254,MMFF,22.255869466476057,ok,valid,
complex_crossdocked_000005__cand_0015,standardized_generated,True,True,,1,True,True,5,True,True,True,0,0.06735825538635254,MMFF,22.255869466476057,ok,valid,
complex_crossdocked_000005__cand_0016,raw_generated,True,True,,1,False,True,8,True,True,True,0,0.11330628395080566,MMFF,36.09688170384064,ok,valid,
complex_crossdocked_000005__cand_0016,standardized_generated,True,True,,1,True,True,8,True,True,True,0,0.11330628395080566,MMFF,36.09688170384064,ok,valid,
complex_crossdocked_000005__cand_0017,raw_generated,True,True,,1,False,True,12,True,True,True,0,0.2828081321716307,MMFF,93.01430802224053,ok,valid,
complex_crossdocked_000005__cand_0017,standardized_generated,True,True,,1,True,True,12,True,True,True,0,0.2828081321716307,MMFF,93.01430802224053,ok,valid,
complex_crossdocked_000005__cand_0018,raw_generated,True,True,,1,False,True,20,True,True,True,14,1.4313006401062012,MMFF,2018.360098726128,ok,invalid,ligand_internal_severe_clash
complex_crossdocked_000005__cand_0018,standardized_generated,True,True,,1,True,True,20,True,True,True,14,1.4313006401062012,MMFF,2018.360098726128,ok,invalid,ligand_internal_severe_clash
complex_crossdocked_000005__cand_0019,raw_generated,True,True,,1,False,True,1,False,True,True,0,0.0,MMFF,0.0,ok,invalid,heavy_atom_count_out_of_range
complex_crossdocked_000005__cand_0019,standardized_generated,True,True,,1,True,True,1,False,True,True,0,0.0,MMFF,0.0,ok,invalid,heavy_atom_count_out_of_range
complex_crossdocked_000005__cand_0020,raw_generated,True,False,"Explicit valence for atom # 3 C, 5, is greater than permitted",1,False,True,5,True,True,True,0,0.0,unavailable,,unavailable,invalid,rdkit_sanitize_failed
complex_crossdocked_000005__cand_0020,standardized_generated,True,False,"Explicit valence for atom # 3 C, 5, is greater than permitted",1,True,True,5,True,True,True,0,0.0,unavailable,,unavailable,invalid,rdkit_sanitize_failed
complex_crossdocked_000006__cand_0001,raw_generated,True,True,,1,False,True,23,True,True,True,0,0.3143249511718751,MMFF,235.90811406462475,ok,valid,
complex_crossdocked_000006__cand_0001,standardized_generated,True,True,,1,True,True,23,True,True,True,0,0.3143249511718751,MMFF,235.90811406462475,ok,valid,
complex_crossdocked_000006__cand_0002,raw_generated,True,True,,1,False,True,10,True,True,True,0,0.08782131195068343,MMFF,79.27257721546992,ok,valid,
complex_crossdocked_000006__cand_0002,standardized_generated,True,True,,1,True,True,10,True,True,True,0,0.08782131195068343,MMFF,79.27257721546992,ok,valid,
complex_crossdocked_000006__cand_0003,raw_generated,True,True,,1,False,True,11,True,True,True,0,0.30484557151794434,MMFF,102.62754749406025,ok,valid,
complex_crossdocked_000006__cand_0003,standardized_generated,True,True,,1,True,True,11,True,True,True,0,0.30484557151794434,MMFF,102.62754749406025,ok,valid,
complex_crossdocked_000006__cand_0004,raw_generated,True,True,,1,False,True,21,True,True,True,4,1.162983775138855,MMFF,2102.1878347787233,ok,invalid,ligand_internal_severe_clash
complex_crossdocked_000006__cand_0004,standardized_generated,True,True,,1,True,True,21,True,True,True,4,1.162983775138855,MMFF,2102.1878347787233,ok,invalid,ligand_internal_severe_clash
complex_crossdocked_000006__cand_0005,raw_generated,True,True,,1,False,True,23,True,True,True,14,1.2458183240890501,MMFF,2871.4122947195197,ok,invalid,ligand_internal_severe_clash
complex_crossdocked_000006__cand_0005,standardized_generated,True,True,,1,True,True,23,True,True,True,14,1.2458183240890501,MMFF,2871.4122947195197,ok,invalid,ligand_internal_severe_clash
complex_crossdocked_000006__cand_0006,raw_generated,True,True,,1,False,True,10,True,True,True,0,0.2349100780487059,MMFF,176.63898939694806,ok,valid,
complex_crossdocked_000006__cand_0006,standardized_generated,True,True,,1,True,True,10,True,True,True,0,0.2349100780487059,MMFF,176.63898939694806,ok,valid,
complex_crossdocked_000006__cand_0007,raw_generated,True,True,,1,False,True,16,True,True,True,9,1.5266155004501343,MMFF,866.5236574821545,ok,invalid,ligand_internal_severe_clash
complex_crossdocked_000006__cand_0007,standardized_generated,True,True,,1,True,True,16,True,True,True,9,1.5266155004501343,MMFF,866.5236574821545,ok,invalid,ligand_internal_severe_clash
complex_crossdocked_000006__cand_0008,raw_generated,True,True,,1,False,True,10,True,True,True,0,0.31351780891418457,MMFF,318.12824999059563,ok,valid,
complex_crossdocked_000006__cand_0008,standardized_generated,True,True,,1,True,True,10,True,True,True,0,0.31351780891418457,MMFF,318.12824999059563,ok,valid,
complex_crossdocked_000006__cand_0009,raw_generated,True,True,,1,False,True,20,True,True,True,1,0.46143044471740735,MMFF,252.57653416325434,ok,invalid,ligand_internal_severe_clash
complex_crossdocked_000006__cand_0009,standardized_generated,True,True,,1,True,True,20,True,True,True,1,0.46143044471740735,MMFF,252.57653416325434,ok,invalid,ligand_internal_severe_clash
complex_crossdocked_000006__cand_0010,raw_generated,True,True,,1,False,True,13,True,True,True,0,0.0,MMFF,282.3864689866152,ok,valid,
complex_crossdocked_000006__cand_0010,standardized_generated,True,True,,1,True,True,13,True,True,True,0,0.0,MMFF,282.3864689866152,ok,valid,
complex_crossdocked_000006__cand_0011,raw_generated,True,True,,1,False,True,21,True,True,True,0,0.2899912071228026,MMFF,133.03617875966796,ok,valid,
complex_crossdocked_000006__cand_0011,standardized_generated,True,True,,1,True,True,21,True,True,True,0,0.2899912071228026,MMFF,133.03617875966796,ok,valid,
complex_crossdocked_000006__cand_0012,raw_generated,True,True,,1,False,True,12,True,True,True,0,0.2108166217803955,MMFF,59.23851271856619,ok,valid,
complex_crossdocked_000006__cand_0012,standardized_generated,True,True,,1,True,True,12,True,True,True,0,0.2108166217803955,MMFF,59.23851271856619,ok,valid,
complex_crossdocked_000006__cand_0013,raw_generated,True,True,,1,False,True,6,True,True,True,0,0.22859160423278846,MMFF,60.8155243562558,ok,valid,
complex_crossdocked_000006__cand_0013,standardized_generated,True,True,,1,True,True,6,True,True,True,0,0.22859160423278846,MMFF,60.8155243562558,ok,valid,
complex_crossdocked_000006__cand_0014,raw_generated,True,True,,1,False,True,11,True,True,True,0,0.0,MMFF,-4.320773661672533,ok,valid,
complex_crossdocked_000006__cand_0014,standardized_generated,True,True,,1,True,True,11,True,True,True,0,0.0,MMFF,-4.320773661672533,ok,valid,
complex_crossdocked_000006__cand_0015,raw_generated,True,True,,1,False,True,21,True,True,True,3,0.8319878578186035,MMFF,1022.2490772596879,ok,invalid,ligand_internal_severe_clash
complex_crossdocked_000006__cand_0015,standardized_generated,True,True,,1,True,True,21,True,True,True,3,0.8319878578186035,MMFF,1022.2490772596879,ok,invalid,ligand_internal_severe_clash
complex_crossdocked_000006__cand_0016,raw_generated,True,True,,1,False,True,15,True,True,True,26,1.5761964321136475,MMFF,5094.640894244539,ok,invalid,ligand_internal_severe_clash
complex_crossdocked_000006__cand_0016,standardized_generated,True,True,,1,True,True,15,True,True,True,26,1.5761964321136475,MMFF,5094.640894244539,ok,invalid,ligand_internal_severe_clash
complex_crossdocked_000006__cand_0017,raw_generated,True,True,,1,False,True,11,True,True,True,2,0.48885512351989746,MMFF,1083.4328054338018,ok,invalid,ligand_internal_severe_clash
complex_crossdocked_000006__cand_0017,standardized_generated,True,True,,1,True,True,11,True,True,True,2,0.48885512351989746,MMFF,1083.4328054338018,ok,invalid,ligand_internal_severe_clash
complex_crossdocked_000006__cand_0018,raw_generated,True,True,,1,False,True,14,True,True,True,0,0.2971198558807373,MMFF,45.514884857885235,ok,valid,
complex_crossdocked_000006__cand_0018,standardized_generated,True,True,,1,True,True,14,True,True,True,0,0.2971198558807373,MMFF,45.514884857885235,ok,valid,
complex_crossdocked_000006__cand_0019,raw_generated,True,True,,1,False,True,11,True,True,True,0,0.2674522399902344,MMFF,70.97429377463864,ok,valid,
complex_crossdocked_000006__cand_0019,standardized_generated,True,True,,1,True,True,11,True,True,True,0,0.2674522399902344,MMFF,70.97429377463864,ok,valid,
complex_crossdocked_000006__cand_0020,raw_generated,True,True,,1,False,True,12,True,True,True,0,0.2068004608154297,MMFF,65.95843452157023,ok,valid,
complex_crossdocked_000006__cand_0020,standardized_generated,True,True,,1,True,True,12,True,True,True,0,0.2068004608154297,MMFF,65.95843452157023,ok,valid,
complex_crossdocked_000007__cand_0001,raw_generated,True,True,,1,False,True,18,True,True,True,0,0.24901247024536133,MMFF,83.53625159564201,ok,valid,
complex_crossdocked_000007__cand_0001,standardized_generated,True,True,,1,True,True,18,True,True,True,0,0.24901247024536133,MMFF,83.53625159564201,ok,valid,
complex_crossdocked_000007__cand_0002,raw_generated,True,True,,1,False,True,12,True,True,True,4,0.6336119174957275,MMFF,955.5737957489656,ok,invalid,ligand_internal_severe_clash
complex_crossdocked_000007__cand_0002,standardized_generated,True,True,,1,True,True,12,True,True,True,4,0.6336119174957275,MMFF,955.5737957489656,ok,invalid,ligand_internal_severe_clash
complex_crossdocked_000007__cand_0003,raw_generated,True,True,,1,False,True,10,True,True,True,0,0.07520539283752425,MMFF,73.8805945686051,ok,valid,
complex_crossdocked_000007__cand_0003,standardized_generated,True,True,,1,True,True,10,True,True,True,0,0.07520539283752425,MMFF,73.8805945686051,ok,valid,
complex_crossdocked_000007__cand_0004,raw_generated,True,True,,1,False,True,15,True,True,True,2,0.4873983860015869,MMFF,315.0228801394685,ok,invalid,ligand_internal_severe_clash
complex_crossdocked_000007__cand_0004,standardized_generated,True,True,,1,True,True,15,True,True,True,2,0.4873983860015869,MMFF,315.0228801394685,ok,invalid,ligand_internal_severe_clash
complex_crossdocked_000007__cand_0005,raw_generated,True,True,,1,False,True,20,True,True,True,4,0.8417555761337279,MMFF,795.7134847719302,ok,invalid,ligand_internal_severe_clash
complex_crossdocked_000007__cand_0005,standardized_generated,True,True,,1,True,True,20,True,True,True,4,0.8417555761337279,MMFF,795.7134847719302,ok,invalid,ligand_internal_severe_clash
complex_crossdocked_000007__cand_0006,raw_generated,True,True,,1,False,True,20,True,True,True,0,0.33002543449401855,MMFF,157.7862104731794,ok,valid,
complex_crossdocked_000007__cand_0006,standardized_generated,True,True,,1,True,True,20,True,True,True,0,0.33002543449401855,MMFF,157.7862104731794,ok,valid,
complex_crossdocked_000007__cand_0007,raw_generated,True,True,,1,False,True,13,True,True,True,0,0.29767870903015137,MMFF,35.48003084068233,ok,valid,
complex_crossdocked_000007__cand_0007,standardized_generated,True,True,,1,True,True,13,True,True,True,0,0.29767870903015137,MMFF,35.48003084068233,ok,valid,
complex_crossdocked_000007__cand_0008,raw_generated,True,True,,1,False,True,24,True,True,True,1,0.4120174407958985,MMFF,128.44168364074227,ok,invalid,ligand_internal_severe_clash
complex_crossdocked_000007__cand_0008,standardized_generated,True,True,,1,True,True,24,True,True,True,1,0.4120174407958985,MMFF,128.44168364074227,ok,invalid,ligand_internal_severe_clash
complex_crossdocked_000007__cand_0009,raw_generated,True,True,,1,False,True,21,True,True,True,14,1.0621273517608643,MMFF,1715.2450388502507,ok,invalid,ligand_internal_severe_clash
complex_crossdocked_000007__cand_0009,standardized_generated,True,True,,1,True,True,21,True,True,True,14,1.0621273517608643,MMFF,1715.2450388502507,ok,invalid,ligand_internal_severe_clash
complex_crossdocked_000007__cand_0010,raw_generated,True,True,,1,False,True,10,True,True,True,0,0.1755095195770262,MMFF,2.9455948380043875,ok,valid,
complex_crossdocked_000007__cand_0010,standardized_generated,True,True,,1,True,True,10,True,True,True,0,0.1755095195770262,MMFF,2.9455948380043875,ok,valid,
complex_crossdocked_000007__cand_0011,raw_generated,True,True,,1,False,True,14,True,True,True,14,1.1340209245681763,MMFF,2120.2656067981106,ok,invalid,ligand_internal_severe_clash
complex_crossdocked_000007__cand_0011,standardized_generated,True,True,,1,True,True,14,True,True,True,14,1.1340209245681763,MMFF,2120.2656067981106,ok,invalid,ligand_internal_severe_clash
complex_crossdocked_000007__cand_0012,raw_generated,True,True,,1,False,True,18,True,True,True,0,0.30975794792175293,MMFF,62.520279922337664,ok,valid,
complex_crossdocked_000007__cand_0012,standardized_generated,True,True,,1,True,True,18,True,True,True,0,0.30975794792175293,MMFF,62.520279922337664,ok,valid,
complex_crossdocked_000007__cand_0013,raw_generated,True,True,,1,False,True,13,True,True,True,0,0.16022903442382797,MMFF,27.949503423236777,ok,valid,
complex_crossdocked_000007__cand_0013,standardized_generated,True,True,,1,True,True,13,True,True,True,0,0.16022903442382797,MMFF,27.949503423236777,ok,valid,
complex_crossdocked_000007__cand_0014,raw_generated,True,True,,1,False,True,6,True,True,True,0,0.0,MMFF,76.24567139956356,ok,valid,
complex_crossdocked_000007__cand_0014,standardized_generated,True,True,,1,True,True,6,True,True,True,0,0.0,MMFF,76.24567139956356,ok,valid,
complex_crossdocked_000007__cand_0015,raw_generated,True,True,,1,False,True,21,True,True,True,0,0.1958787441253662,MMFF,52.12143123916006,ok,valid,
complex_crossdocked_000007__cand_0015,standardized_generated,True,True,,1,True,True,21,True,True,True,0,0.1958787441253662,MMFF,52.12143123916006,ok,valid,
complex_crossdocked_000007__cand_0016,raw_generated,True,True,,1,False,True,9,True,True,True,0,0.007718248367309943,MMFF,94.90679304887519,ok,valid,
complex_crossdocked_000007__cand_0016,standardized_generated,True,True,,1,True,True,9,True,True,True,0,0.007718248367309943,MMFF,94.90679304887519,ok,valid,
complex_crossdocked_000007__cand_0017,raw_generated,True,True,,1,False,True,17,True,True,True,0,0.39541155815124496,MMFF,76.16735939070901,ok,valid,
complex_crossdocked_000007__cand_0017,standardized_generated,True,True,,1,True,True,17,True,True,True,0,0.39541155815124496,MMFF,76.16735939070901,ok,valid,
complex_crossdocked_000007__cand_0018,raw_generated,True,True,,1,False,True,13,True,True,True,1,0.6744349002838135,MMFF,752.6766866777356,ok,invalid,ligand_internal_severe_clash
complex_crossdocked_000007__cand_0018,standardized_generated,True,True,,1,True,True,13,True,True,True,1,0.6744349002838135,MMFF,752.6766866777356,ok,invalid,ligand_internal_severe_clash
complex_crossdocked_000007__cand_0019,raw_generated,True,True,,1,False,True,14,True,True,True,1,0.4239119720458988,MMFF,297.6538012065335,ok,invalid,ligand_internal_severe_clash
complex_crossdocked_000007__cand_0019,standardized_generated,True,True,,1,True,True,14,True,True,True,1,0.4239119720458988,MMFF,297.6538012065335,ok,invalid,ligand_internal_severe_clash
complex_crossdocked_000007__cand_0020,raw_generated,True,True,,1,False,True,17,True,True,True,4,0.734363317489624,MMFF,708.6856215430788,ok,invalid,ligand_internal_severe_clash
complex_crossdocked_000007__cand_0020,standardized_generated,True,True,,1,True,True,17,True,True,True,4,0.734363317489624,MMFF,708.6856215430788,ok,invalid,ligand_internal_severe_clash
