candidate_id,base_sample_id,postprocess_stage,receptor_scope,delta_angstrom,num_clash_pairs,num_severe_clash_pairs,total_clash_score,max_clash_depth,mean_clash_depth,delta03_status,delta04_status,delta05_status
complex_crossdocked_000026__cand_0002,complex_crossdocked_000026,raw_generated,pocket10_all_atoms,0.4,1,0,0.00015747548081890272,0.01254892349243164,0.01254892349243164,no_severe,no_severe,no_severe
complex_crossdocked_000026__cand_0002,complex_crossdocked_000026,standardized_generated,pocket10_all_atoms,0.4,1,0,0.00015747548081890272,0.01254892349243164,0.01254892349243164,no_severe,no_severe,no_severe
complex_crossdocked_000026__cand_0003,complex_crossdocked_000026,raw_generated,pocket10_all_atoms,0.4,1,0,0.0005341121525361814,0.02311086654663086,0.02311086654663086,no_severe,no_severe,no_severe
complex_crossdocked_000026__cand_0003,complex_crossdocked_000026,standardized_generated,pocket10_all_atoms,0.4,1,0,0.0005341121525361814,0.02311086654663086,0.02311086654663086,no_severe,no_severe,no_severe
complex_crossdocked_000026__cand_0005,complex_crossdocked_000026,raw_generated,pocket10_all_atoms,0.4,5,1,0.5259885825241213,0.5880839824676514,0.24525027275085448,severe,severe,severe
complex_crossdocked_000026__cand_0005,complex_crossdocked_000026,standardized_generated,pocket10_all_atoms,0.4,5,1,0.5259885825241213,0.5880839824676514,0.24525027275085448,severe,severe,severe
complex_crossdocked_000026__cand_0006,complex_crossdocked_000026,raw_generated,pocket10_all_atoms,0.4,0,0,0.0,0.0,0.0,no_severe,no_severe,no_severe
complex_crossdocked_000026__cand_0006,complex_crossdocked_000026,standardized_generated,pocket10_all_atoms,0.4,0,0,0.0,0.0,0.0,no_severe,no_severe,no_severe
complex_crossdocked_000026__cand_0007,complex_crossdocked_000026,raw_generated,pocket10_all_atoms,0.4,1,0,0.011869093583527501,0.10894536972045898,0.10894536972045898,no_severe,no_severe,no_severe
complex_crossdocked_000026__cand_0007,complex_crossdocked_000026,standardized_generated,pocket10_all_atoms,0.4,1,0,0.011869093583527501,0.10894536972045898,0.10894536972045898,no_severe,no_severe,no_severe
complex_crossdocked_000026__cand_0009,complex_crossdocked_000026,raw_generated,pocket10_all_atoms,0.4,2,0,0.006157332086445422,0.06909394264221191,0.05314373970031738,no_severe,no_severe,no_severe
complex_crossdocked_000026__cand_0009,complex_crossdocked_000026,standardized_generated,pocket10_all_atoms,0.4,2,0,0.006157332086445422,0.06909394264221191,0.05314373970031738,no_severe,no_severe,no_severe
complex_crossdocked_000026__cand_0011,complex_crossdocked_000026,raw_generated,pocket10_all_atoms,0.4,0,0,0.0,0.0,0.0,no_severe,no_severe,no_severe
complex_crossdocked_000026__cand_0011,complex_crossdocked_000026,standardized_generated,pocket10_all_atoms,0.4,0,0,0.0,0.0,0.0,no_severe,no_severe,no_severe
complex_crossdocked_000026__cand_0013,complex_crossdocked_000026,raw_generated,pocket10_all_atoms,0.4,0,0,0.0,0.0,0.0,no_severe,no_severe,no_severe
complex_crossdocked_000026__cand_0013,complex_crossdocked_000026,standardized_generated,pocket10_all_atoms,0.4,0,0,0.0,0.0,0.0,no_severe,no_severe,no_severe
complex_crossdocked_000026__cand_0014,complex_crossdocked_000026,raw_generated,pocket10_all_atoms,0.4,1,0,0.023987016539251726,0.1548774242401123,0.1548774242401123,no_severe,no_severe,no_severe
complex_crossdocked_000026__cand_0014,complex_crossdocked_000026,standardized_generated,pocket10_all_atoms,0.4,1,0,0.023987016539251726,0.1548774242401123,0.1548774242401123,no_severe,no_severe,no_severe
complex_crossdocked_000026__cand_0015,complex_crossdocked_000026,raw_generated,pocket10_all_atoms,0.4,1,0,0.002080354626968983,0.045610904693603516,0.045610904693603516,no_severe,no_severe,no_severe
complex_crossdocked_000026__cand_0015,complex_crossdocked_000026,standardized_generated,pocket10_all_atoms,0.4,1,0,0.002080354626968983,0.045610904693603516,0.045610904693603516,no_severe,no_severe,no_severe
complex_crossdocked_000026__cand_0016,complex_crossdocked_000026,raw_generated,pocket10_all_atoms,0.4,2,0,0.03919351942187177,0.19797253608703613,0.09930026531219482,no_severe,no_severe,no_severe
complex_crossdocked_000026__cand_0016,complex_crossdocked_000026,standardized_generated,pocket10_all_atoms,0.4,2,0,0.03919351942187177,0.19797253608703613,0.09930026531219482,no_severe,no_severe,no_severe
complex_crossdocked_000026__cand_0019,complex_crossdocked_000026,raw_generated,pocket10_all_atoms,0.4,15,9,8.161713794989709,1.7310839891433716,0.6101067384084066,severe,severe,severe
complex_crossdocked_000026__cand_0019,complex_crossdocked_000026,standardized_generated,pocket10_all_atoms,0.4,15,9,8.161713794989709,1.7310839891433716,0.6101067384084066,severe,severe,severe
complex_crossdocked_000026__cand_0020,complex_crossdocked_000026,raw_generated,pocket10_all_atoms,0.4,1,0,0.005919956221589473,0.07694125175476074,0.07694125175476074,no_severe,no_severe,no_severe
complex_crossdocked_000026__cand_0020,complex_crossdocked_000026,standardized_generated,pocket10_all_atoms,0.4,1,0,0.005919956221589473,0.07694125175476074,0.07694125175476074,no_severe,no_severe,no_severe
complex_crossdocked_000027__cand_0001,complex_crossdocked_000027,raw_generated,pocket10_all_atoms,0.4,1,1,0.19629131933976396,0.44304776191711426,0.44304776191711426,severe,severe,no_severe
complex_crossdocked_000027__cand_0001,complex_crossdocked_000027,standardized_generated,pocket10_all_atoms,0.4,1,1,0.19629131933976396,0.44304776191711426,0.44304776191711426,severe,severe,no_severe
complex_crossdocked_000027__cand_0003,complex_crossdocked_000027,raw_generated,pocket10_all_atoms,0.4,1,0,0.00907204219038249,0.09524726867675781,0.09524726867675781,no_severe,no_severe,no_severe
complex_crossdocked_000027__cand_0003,complex_crossdocked_000027,standardized_generated,pocket10_all_atoms,0.4,1,0,0.00907204219038249,0.09524726867675781,0.09524726867675781,no_severe,no_severe,no_severe
complex_crossdocked_000027__cand_0005,complex_crossdocked_000027,raw_generated,pocket10_all_atoms,0.4,2,0,0.0035945586810157693,0.04738759994506836,0.04205799102783203,no_severe,no_severe,no_severe
complex_crossdocked_000027__cand_0005,complex_crossdocked_000027,standardized_generated,pocket10_all_atoms,0.4,2,0,0.0035945586810157693,0.04738759994506836,0.04205799102783203,no_severe,no_severe,no_severe
complex_crossdocked_000027__cand_0006,complex_crossdocked_000027,raw_generated,pocket10_all_atoms,0.4,0,0,0.0,0.0,0.0,no_severe,no_severe,no_severe
complex_crossdocked_000027__cand_0006,complex_crossdocked_000027,standardized_generated,pocket10_all_atoms,0.4,0,0,0.0,0.0,0.0,no_severe,no_severe,no_severe
complex_crossdocked_000027__cand_0008,complex_crossdocked_000027,raw_generated,pocket10_all_atoms,0.4,1,0,0.002096414496520538,0.04578661918640137,0.04578661918640137,no_severe,no_severe,no_severe
complex_crossdocked_000027__cand_0008,complex_crossdocked_000027,standardized_generated,pocket10_all_atoms,0.4,1,0,0.002096414496520538,0.04578661918640137,0.04578661918640137,no_severe,no_severe,no_severe
complex_crossdocked_000027__cand_0009,complex_crossdocked_000027,raw_generated,pocket10_all_atoms,0.4,0,0,0.0,0.0,0.0,no_severe,no_severe,no_severe
complex_crossdocked_000027__cand_0009,complex_crossdocked_000027,standardized_generated,pocket10_all_atoms,0.4,0,0,0.0,0.0,0.0,no_severe,no_severe,no_severe
complex_crossdocked_000027__cand_0010,complex_crossdocked_000027,raw_generated,pocket10_all_atoms,0.4,0,0,0.0,0.0,0.0,no_severe,no_severe,no_severe
complex_crossdocked_000027__cand_0010,complex_crossdocked_000027,standardized_generated,pocket10_all_atoms,0.4,0,0,0.0,0.0,0.0,no_severe,no_severe,no_severe
complex_crossdocked_000027__cand_0013,complex_crossdocked_000027,raw_generated,pocket10_all_atoms,0.4,0,0,0.0,0.0,0.0,no_severe,no_severe,no_severe
complex_crossdocked_000027__cand_0013,complex_crossdocked_000027,standardized_generated,pocket10_all_atoms,0.4,0,0,0.0,0.0,0.0,no_severe,no_severe,no_severe
complex_crossdocked_000027__cand_0014,complex_crossdocked_000027,raw_generated,pocket10_all_atoms,0.4,1,0,0.003864519590024429,0.062165260314941406,0.062165260314941406,no_severe,no_severe,no_severe
complex_crossdocked_000027__cand_0014,complex_crossdocked_000027,standardized_generated,pocket10_all_atoms,0.4,1,0,0.003864519590024429,0.062165260314941406,0.062165260314941406,no_severe,no_severe,no_severe
complex_crossdocked_000027__cand_0017,complex_crossdocked_000027,raw_generated,pocket10_all_atoms,0.4,2,0,0.030608809326224673,0.17425084114074707,0.09495890140533447,no_severe,no_severe,no_severe
complex_crossdocked_000027__cand_0017,complex_crossdocked_000027,standardized_generated,pocket10_all_atoms,0.4,2,0,0.030608809326224673,0.17425084114074707,0.09495890140533447,no_severe,no_severe,no_severe
complex_crossdocked_000027__cand_0018,complex_crossdocked_000027,raw_generated,pocket10_all_atoms,0.4,0,0,0.0,0.0,0.0,no_severe,no_severe,no_severe
complex_crossdocked_000027__cand_0018,complex_crossdocked_000027,standardized_generated,pocket10_all_atoms,0.4,0,0,0.0,0.0,0.0,no_severe,no_severe,no_severe
complex_crossdocked_000027__cand_0019,complex_crossdocked_000027,raw_generated,pocket10_all_atoms,0.4,0,0,0.0,0.0,0.0,no_severe,no_severe,no_severe
complex_crossdocked_000027__cand_0019,complex_crossdocked_000027,standardized_generated,pocket10_all_atoms,0.4,0,0,0.0,0.0,0.0,no_severe,no_severe,no_severe
complex_crossdocked_000027__cand_0020,complex_crossdocked_000027,raw_generated,pocket10_all_atoms,0.4,0,0,0.0,0.0,0.0,no_severe,no_severe,no_severe
complex_crossdocked_000027__cand_0020,complex_crossdocked_000027,standardized_generated,pocket10_all_atoms,0.4,0,0,0.0,0.0,0.0,no_severe,no_severe,no_severe
complex_crossdocked_000028__cand_0002,complex_crossdocked_000028,raw_generated,pocket10_all_atoms,0.4,1,0,0.0035787671336606763,0.059822797775268555,0.059822797775268555,no_severe,no_severe,no_severe
complex_crossdocked_000028__cand_0002,complex_crossdocked_000028,standardized_generated,pocket10_all_atoms,0.4,1,0,0.0035787671336606763,0.059822797775268555,0.059822797775268555,no_severe,no_severe,no_severe
complex_crossdocked_000028__cand_0003,complex_crossdocked_000028,raw_generated,pocket10_all_atoms,0.4,3,0,0.05321733927900141,0.2134227752685547,0.1019599437713623,no_severe,no_severe,no_severe
complex_crossdocked_000028__cand_0003,complex_crossdocked_000028,standardized_generated,pocket10_all_atoms,0.4,3,0,0.05321733927900141,0.2134227752685547,0.1019599437713623,no_severe,no_severe,no_severe
complex_crossdocked_000028__cand_0004,complex_crossdocked_000028,raw_generated,pocket10_all_atoms,0.4,0,0,0.0,0.0,0.0,no_severe,no_severe,no_severe
complex_crossdocked_000028__cand_0004,complex_crossdocked_000028,standardized_generated,pocket10_all_atoms,0.4,0,0,0.0,0.0,0.0,no_severe,no_severe,no_severe
complex_crossdocked_000028__cand_0005,complex_crossdocked_000028,raw_generated,pocket10_all_atoms,0.4,0,0,0.0,0.0,0.0,no_severe,no_severe,no_severe
complex_crossdocked_000028__cand_0005,complex_crossdocked_000028,standardized_generated,pocket10_all_atoms,0.4,0,0,0.0,0.0,0.0,no_severe,no_severe,no_severe
complex_crossdocked_000028__cand_0007,complex_crossdocked_000028,raw_generated,pocket10_all_atoms,0.4,0,0,0.0,0.0,0.0,no_severe,no_severe,no_severe
complex_crossdocked_000028__cand_0007,complex_crossdocked_000028,standardized_generated,pocket10_all_atoms,0.4,0,0,0.0,0.0,0.0,no_severe,no_severe,no_severe
complex_crossdocked_000028__cand_0010,complex_crossdocked_000028,raw_generated,pocket10_all_atoms,0.4,0,0,0.0,0.0,0.0,no_severe,no_severe,no_severe
complex_crossdocked_000028__cand_0010,complex_crossdocked_000028,standardized_generated,pocket10_all_atoms,0.4,0,0,0.0,0.0,0.0,no_severe,no_severe,no_severe
complex_crossdocked_000028__cand_0011,complex_crossdocked_000028,raw_generated,pocket10_all_atoms,0.4,0,0,0.0,0.0,0.0,no_severe,no_severe,no_severe
complex_crossdocked_000028__cand_0011,complex_crossdocked_000028,standardized_generated,pocket10_all_atoms,0.4,0,0,0.0,0.0,0.0,no_severe,no_severe,no_severe
complex_crossdocked_000028__cand_0012,complex_crossdocked_000028,raw_generated,pocket10_all_atoms,0.4,1,0,0.0035433407049367815,0.05952596664428711,0.05952596664428711,no_severe,no_severe,no_severe
complex_crossdocked_000028__cand_0012,complex_crossdocked_000028,standardized_generated,pocket10_all_atoms,0.4,1,0,0.0035433407049367815,0.05952596664428711,0.05952596664428711,no_severe,no_severe,no_severe
complex_crossdocked_000028__cand_0013,complex_crossdocked_000028,raw_generated,pocket10_all_atoms,0.4,3,1,0.3550728179601492,0.4964289665222168,0.2879915237426758,severe,severe,no_severe
complex_crossdocked_000028__cand_0013,complex_crossdocked_000028,standardized_generated,pocket10_all_atoms,0.4,3,1,0.3550728179601492,0.4964289665222168,0.2879915237426758,severe,severe,no_severe
complex_crossdocked_000028__cand_0014,complex_crossdocked_000028,raw_generated,pocket10_all_atoms,0.4,0,0,0.0,0.0,0.0,no_severe,no_severe,no_severe
complex_crossdocked_000028__cand_0014,complex_crossdocked_000028,standardized_generated,pocket10_all_atoms,0.4,0,0,0.0,0.0,0.0,no_severe,no_severe,no_severe
complex_crossdocked_000028__cand_0016,complex_crossdocked_000028,raw_generated,pocket10_all_atoms,0.4,32,20,20.681972156885635,1.9919989109039307,0.6092918924987316,severe,severe,severe
complex_crossdocked_000028__cand_0016,complex_crossdocked_000028,standardized_generated,pocket10_all_atoms,0.4,32,20,20.681972156885635,1.9919989109039307,0.6092918924987316,severe,severe,severe
complex_crossdocked_000028__cand_0017,complex_crossdocked_000028,raw_generated,pocket10_all_atoms,0.4,20,7,7.263458202765079,1.5868159532546997,0.44091313481330874,severe,severe,severe
complex_crossdocked_000028__cand_0017,complex_crossdocked_000028,standardized_generated,pocket10_all_atoms,0.4,20,7,7.263458202765079,1.5868159532546997,0.44091313481330874,severe,severe,severe
complex_crossdocked_000001__cand_0003,complex_crossdocked_000001,raw_generated,pocket10_all_atoms,0.4,0,0,0.0,0.0,0.0,no_severe,no_severe,no_severe
complex_crossdocked_000001__cand_0003,complex_crossdocked_000001,standardized_generated,pocket10_all_atoms,0.4,0,0,0.0,0.0,0.0,no_severe,no_severe,no_severe
complex_crossdocked_000001__cand_0005,complex_crossdocked_000001,raw_generated,pocket10_all_atoms,0.4,0,0,0.0,0.0,0.0,no_severe,no_severe,no_severe
complex_crossdocked_000001__cand_0005,complex_crossdocked_000001,standardized_generated,pocket10_all_atoms,0.4,0,0,0.0,0.0,0.0,no_severe,no_severe,no_severe
complex_crossdocked_000001__cand_0006,complex_crossdocked_000001,raw_generated,pocket10_all_atoms,0.4,0,0,0.0,0.0,0.0,no_severe,no_severe,no_severe
complex_crossdocked_000001__cand_0006,complex_crossdocked_000001,standardized_generated,pocket10_all_atoms,0.4,0,0,0.0,0.0,0.0,no_severe,no_severe,no_severe
complex_crossdocked_000001__cand_0008,complex_crossdocked_000001,raw_generated,pocket10_all_atoms,0.4,0,0,0.0,0.0,0.0,no_severe,no_severe,no_severe
complex_crossdocked_000001__cand_0008,complex_crossdocked_000001,standardized_generated,pocket10_all_atoms,0.4,0,0,0.0,0.0,0.0,no_severe,no_severe,no_severe
complex_crossdocked_000001__cand_0013,complex_crossdocked_000001,raw_generated,pocket10_all_atoms,0.4,0,0,0.0,0.0,0.0,no_severe,no_severe,no_severe
complex_crossdocked_000001__cand_0013,complex_crossdocked_000001,standardized_generated,pocket10_all_atoms,0.4,0,0,0.0,0.0,0.0,no_severe,no_severe,no_severe
complex_crossdocked_000001__cand_0015,complex_crossdocked_000001,raw_generated,pocket10_all_atoms,0.4,0,0,0.0,0.0,0.0,no_severe,no_severe,no_severe
complex_crossdocked_000001__cand_0015,complex_crossdocked_000001,standardized_generated,pocket10_all_atoms,0.4,0,0,0.0,0.0,0.0,no_severe,no_severe,no_severe
complex_crossdocked_000001__cand_0017,complex_crossdocked_000001,raw_generated,pocket10_all_atoms,0.4,0,0,0.0,0.0,0.0,no_severe,no_severe,no_severe
complex_crossdocked_000001__cand_0017,complex_crossdocked_000001,standardized_generated,pocket10_all_atoms,0.4,0,0,0.0,0.0,0.0,no_severe,no_severe,no_severe
complex_crossdocked_000001__cand_0018,complex_crossdocked_000001,raw_generated,pocket10_all_atoms,0.4,0,0,0.0,0.0,0.0,no_severe,no_severe,no_severe
complex_crossdocked_000001__cand_0018,complex_crossdocked_000001,standardized_generated,pocket10_all_atoms,0.4,0,0,0.0,0.0,0.0,no_severe,no_severe,no_severe
complex_crossdocked_000002__cand_0002,complex_crossdocked_000002,raw_generated,pocket10_all_atoms,0.4,0,0,0.0,0.0,0.0,no_severe,no_severe,no_severe
complex_crossdocked_000002__cand_0002,complex_crossdocked_000002,standardized_generated,pocket10_all_atoms,0.4,0,0,0.0,0.0,0.0,no_severe,no_severe,no_severe
complex_crossdocked_000002__cand_0003,complex_crossdocked_000002,raw_generated,pocket10_all_atoms,0.4,0,0,0.0,0.0,0.0,no_severe,no_severe,no_severe
complex_crossdocked_000002__cand_0003,complex_crossdocked_000002,standardized_generated,pocket10_all_atoms,0.4,0,0,0.0,0.0,0.0,no_severe,no_severe,no_severe
complex_crossdocked_000002__cand_0004,complex_crossdocked_000002,raw_generated,pocket10_all_atoms,0.4,0,0,0.0,0.0,0.0,no_severe,no_severe,no_severe
complex_crossdocked_000002__cand_0004,complex_crossdocked_000002,standardized_generated,pocket10_all_atoms,0.4,0,0,0.0,0.0,0.0,no_severe,no_severe,no_severe
complex_crossdocked_000002__cand_0005,complex_crossdocked_000002,raw_generated,pocket10_all_atoms,0.4,0,0,0.0,0.0,0.0,no_severe,no_severe,no_severe
complex_crossdocked_000002__cand_0005,complex_crossdocked_000002,standardized_generated,pocket10_all_atoms,0.4,0,0,0.0,0.0,0.0,no_severe,no_severe,no_severe
complex_crossdocked_000002__cand_0007,complex_crossdocked_000002,raw_generated,pocket10_all_atoms,0.4,0,0,0.0,0.0,0.0,no_severe,no_severe,no_severe
complex_crossdocked_000002__cand_0007,complex_crossdocked_000002,standardized_generated,pocket10_all_atoms,0.4,0,0,0.0,0.0,0.0,no_severe,no_severe,no_severe
complex_crossdocked_000002__cand_0008,complex_crossdocked_000002,raw_generated,pocket10_all_atoms,0.4,0,0,0.0,0.0,0.0,no_severe,no_severe,no_severe
complex_crossdocked_000002__cand_0008,complex_crossdocked_000002,standardized_generated,pocket10_all_atoms,0.4,0,0,0.0,0.0,0.0,no_severe,no_severe,no_severe
complex_crossdocked_000002__cand_0009,complex_crossdocked_000002,raw_generated,pocket10_all_atoms,0.4,0,0,0.0,0.0,0.0,no_severe,no_severe,no_severe
complex_crossdocked_000002__cand_0009,complex_crossdocked_000002,standardized_generated,pocket10_all_atoms,0.4,0,0,0.0,0.0,0.0,no_severe,no_severe,no_severe
complex_crossdocked_000002__cand_0010,complex_crossdocked_000002,raw_generated,pocket10_all_atoms,0.4,0,0,0.0,0.0,0.0,no_severe,no_severe,no_severe
complex_crossdocked_000002__cand_0010,complex_crossdocked_000002,standardized_generated,pocket10_all_atoms,0.4,0,0,0.0,0.0,0.0,no_severe,no_severe,no_severe
complex_crossdocked_000002__cand_0011,complex_crossdocked_000002,raw_generated,pocket10_all_atoms,0.4,1,0,0.014574850852625332,0.12072634696960449,0.12072634696960449,no_severe,no_severe,no_severe
complex_crossdocked_000002__cand_0011,complex_crossdocked_000002,standardized_generated,pocket10_all_atoms,0.4,1,0,0.014574850852625332,0.12072634696960449,0.12072634696960449,no_severe,no_severe,no_severe
complex_crossdocked_000002__cand_0012,complex_crossdocked_000002,raw_generated,pocket10_all_atoms,0.4,0,0,0.0,0.0,0.0,no_severe,no_severe,no_severe
complex_crossdocked_000002__cand_0012,complex_crossdocked_000002,standardized_generated,pocket10_all_atoms,0.4,0,0,0.0,0.0,0.0,no_severe,no_severe,no_severe
complex_crossdocked_000002__cand_0013,complex_crossdocked_000002,raw_generated,pocket10_all_atoms,0.4,0,0,0.0,0.0,0.0,no_severe,no_severe,no_severe
complex_crossdocked_000002__cand_0013,complex_crossdocked_000002,standardized_generated,pocket10_all_atoms,0.4,0,0,0.0,0.0,0.0,no_severe,no_severe,no_severe
complex_crossdocked_000002__cand_0014,complex_crossdocked_000002,raw_generated,pocket10_all_atoms,0.4,0,0,0.0,0.0,0.0,no_severe,no_severe,no_severe
complex_crossdocked_000002__cand_0014,complex_crossdocked_000002,standardized_generated,pocket10_all_atoms,0.4,0,0,0.0,0.0,0.0,no_severe,no_severe,no_severe
complex_crossdocked_000002__cand_0015,complex_crossdocked_000002,raw_generated,pocket10_all_atoms,0.4,2,0,0.006119774653257082,0.07283377647399902,0.05069112777709961,no_severe,no_severe,no_severe
complex_crossdocked_000002__cand_0015,complex_crossdocked_000002,standardized_generated,pocket10_all_atoms,0.4,2,0,0.006119774653257082,0.07283377647399902,0.05069112777709961,no_severe,no_severe,no_severe
complex_crossdocked_000002__cand_0016,complex_crossdocked_000002,raw_generated,pocket10_all_atoms,0.4,41,27,39.547918250192296,2.1567022800445557,0.7689334619336012,severe,severe,severe
complex_crossdocked_000002__cand_0016,complex_crossdocked_000002,standardized_generated,pocket10_all_atoms,0.4,41,27,39.547918250192296,2.1567022800445557,0.7689334619336012,severe,severe,severe
complex_crossdocked_000002__cand_0018,complex_crossdocked_000002,raw_generated,pocket10_all_atoms,0.4,13,7,4.981717753001021,1.3468353748321533,0.44473560039813703,severe,severe,severe
complex_crossdocked_000002__cand_0018,complex_crossdocked_000002,standardized_generated,pocket10_all_atoms,0.4,13,7,4.981717753001021,1.3468353748321533,0.44473560039813703,severe,severe,severe
complex_crossdocked_000002__cand_0019,complex_crossdocked_000002,raw_generated,pocket10_all_atoms,0.4,1,0,0.02826871254916341,0.16813302040100098,0.16813302040100098,no_severe,no_severe,no_severe
complex_crossdocked_000002__cand_0019,complex_crossdocked_000002,standardized_generated,pocket10_all_atoms,0.4,1,0,0.02826871254916341,0.16813302040100098,0.16813302040100098,no_severe,no_severe,no_severe
complex_crossdocked_000002__cand_0020,complex_crossdocked_000002,raw_generated,pocket10_all_atoms,0.4,0,0,0.0,0.0,0.0,no_severe,no_severe,no_severe
complex_crossdocked_000002__cand_0020,complex_crossdocked_000002,standardized_generated,pocket10_all_atoms,0.4,0,0,0.0,0.0,0.0,no_severe,no_severe,no_severe
complex_crossdocked_000003__cand_0002,complex_crossdocked_000003,raw_generated,pocket10_all_atoms,0.4,44,20,16.969190687564904,1.5288957357406616,0.47781939669088885,severe,severe,severe
complex_crossdocked_000003__cand_0002,complex_crossdocked_000003,standardized_generated,pocket10_all_atoms,0.4,44,20,16.969190687564904,1.5288957357406616,0.47781939669088885,severe,severe,severe
complex_crossdocked_000003__cand_0003,complex_crossdocked_000003,raw_generated,pocket10_all_atoms,0.4,0,0,0.0,0.0,0.0,no_severe,no_severe,no_severe
complex_crossdocked_000003__cand_0003,complex_crossdocked_000003,standardized_generated,pocket10_all_atoms,0.4,0,0,0.0,0.0,0.0,no_severe,no_severe,no_severe
complex_crossdocked_000003__cand_0006,complex_crossdocked_000003,raw_generated,pocket10_all_atoms,0.4,1,0,0.006517172687608763,0.08072900772094727,0.08072900772094727,no_severe,no_severe,no_severe
complex_crossdocked_000003__cand_0006,complex_crossdocked_000003,standardized_generated,pocket10_all_atoms,0.4,1,0,0.006517172687608763,0.08072900772094727,0.08072900772094727,no_severe,no_severe,no_severe
complex_crossdocked_000003__cand_0007,complex_crossdocked_000003,raw_generated,pocket10_all_atoms,0.4,27,16,26.600684159523766,2.1853482723236084,0.7523654611022385,severe,severe,severe
complex_crossdocked_000003__cand_0007,complex_crossdocked_000003,standardized_generated,pocket10_all_atoms,0.4,27,16,26.600684159523766,2.1853482723236084,0.7523654611022385,severe,severe,severe
complex_crossdocked_000003__cand_0010,complex_crossdocked_000003,raw_generated,pocket10_all_atoms,0.4,0,0,0.0,0.0,0.0,no_severe,no_severe,no_severe
complex_crossdocked_000003__cand_0010,complex_crossdocked_000003,standardized_generated,pocket10_all_atoms,0.4,0,0,0.0,0.0,0.0,no_severe,no_severe,no_severe
complex_crossdocked_000003__cand_0015,complex_crossdocked_000003,raw_generated,pocket10_all_atoms,0.4,1,0,0.0003401570125447506,0.01844334602355957,0.01844334602355957,no_severe,no_severe,no_severe
complex_crossdocked_000003__cand_0015,complex_crossdocked_000003,standardized_generated,pocket10_all_atoms,0.4,1,0,0.0003401570125447506,0.01844334602355957,0.01844334602355957,no_severe,no_severe,no_severe
complex_crossdocked_000003__cand_0018,complex_crossdocked_000003,raw_generated,pocket10_all_atoms,0.4,0,0,0.0,0.0,0.0,no_severe,no_severe,no_severe
complex_crossdocked_000003__cand_0018,complex_crossdocked_000003,standardized_generated,pocket10_all_atoms,0.4,0,0,0.0,0.0,0.0,no_severe,no_severe,no_severe
complex_crossdocked_000003__cand_0020,complex_crossdocked_000003,raw_generated,pocket10_all_atoms,0.4,0,0,0.0,0.0,0.0,no_severe,no_severe,no_severe
complex_crossdocked_000003__cand_0020,complex_crossdocked_000003,standardized_generated,pocket10_all_atoms,0.4,0,0,0.0,0.0,0.0,no_severe,no_severe,no_severe
complex_crossdocked_000004__cand_0001,complex_crossdocked_000004,raw_generated,pocket10_all_atoms,0.4,0,0,0.0,0.0,0.0,no_severe,no_severe,no_severe
complex_crossdocked_000004__cand_0001,complex_crossdocked_000004,standardized_generated,pocket10_all_atoms,0.4,0,0,0.0,0.0,0.0,no_severe,no_severe,no_severe
complex_crossdocked_000004__cand_0002,complex_crossdocked_000004,raw_generated,pocket10_all_atoms,0.4,0,0,0.0,0.0,0.0,no_severe,no_severe,no_severe
complex_crossdocked_000004__cand_0002,complex_crossdocked_000004,standardized_generated,pocket10_all_atoms,0.4,0,0,0.0,0.0,0.0,no_severe,no_severe,no_severe
complex_crossdocked_000004__cand_0003,complex_crossdocked_000004,raw_generated,pocket10_all_atoms,0.4,0,0,0.0,0.0,0.0,no_severe,no_severe,no_severe
complex_crossdocked_000004__cand_0003,complex_crossdocked_000004,standardized_generated,pocket10_all_atoms,0.4,0,0,0.0,0.0,0.0,no_severe,no_severe,no_severe
complex_crossdocked_000004__cand_0005,complex_crossdocked_000004,raw_generated,pocket10_all_atoms,0.4,0,0,0.0,0.0,0.0,no_severe,no_severe,no_severe
complex_crossdocked_000004__cand_0005,complex_crossdocked_000004,standardized_generated,pocket10_all_atoms,0.4,0,0,0.0,0.0,0.0,no_severe,no_severe,no_severe
complex_crossdocked_000004__cand_0009,complex_crossdocked_000004,raw_generated,pocket10_all_atoms,0.4,0,0,0.0,0.0,0.0,no_severe,no_severe,no_severe
complex_crossdocked_000004__cand_0009,complex_crossdocked_000004,standardized_generated,pocket10_all_atoms,0.4,0,0,0.0,0.0,0.0,no_severe,no_severe,no_severe
complex_crossdocked_000004__cand_0010,complex_crossdocked_000004,raw_generated,pocket10_all_atoms,0.4,0,0,0.0,0.0,0.0,no_severe,no_severe,no_severe
complex_crossdocked_000004__cand_0010,complex_crossdocked_000004,standardized_generated,pocket10_all_atoms,0.4,0,0,0.0,0.0,0.0,no_severe,no_severe,no_severe
complex_crossdocked_000004__cand_0011,complex_crossdocked_000004,raw_generated,pocket10_all_atoms,0.4,0,0,0.0,0.0,0.0,no_severe,no_severe,no_severe
complex_crossdocked_000004__cand_0011,complex_crossdocked_000004,standardized_generated,pocket10_all_atoms,0.4,0,0,0.0,0.0,0.0,no_severe,no_severe,no_severe
complex_crossdocked_000004__cand_0012,complex_crossdocked_000004,raw_generated,pocket10_all_atoms,0.4,0,0,0.0,0.0,0.0,no_severe,no_severe,no_severe
complex_crossdocked_000004__cand_0012,complex_crossdocked_000004,standardized_generated,pocket10_all_atoms,0.4,0,0,0.0,0.0,0.0,no_severe,no_severe,no_severe
complex_crossdocked_000004__cand_0014,complex_crossdocked_000004,raw_generated,pocket10_all_atoms,0.4,0,0,0.0,0.0,0.0,no_severe,no_severe,no_severe
complex_crossdocked_000004__cand_0014,complex_crossdocked_000004,standardized_generated,pocket10_all_atoms,0.4,0,0,0.0,0.0,0.0,no_severe,no_severe,no_severe
complex_crossdocked_000004__cand_0015,complex_crossdocked_000004,raw_generated,pocket10_all_atoms,0.4,0,0,0.0,0.0,0.0,no_severe,no_severe,no_severe
complex_crossdocked_000004__cand_0015,complex_crossdocked_000004,standardized_generated,pocket10_all_atoms,0.4,0,0,0.0,0.0,0.0,no_severe,no_severe,no_severe
complex_crossdocked_000004__cand_0018,complex_crossdocked_000004,raw_generated,pocket10_all_atoms,0.4,0,0,0.0,0.0,0.0,no_severe,no_severe,no_severe
complex_crossdocked_000004__cand_0018,complex_crossdocked_000004,standardized_generated,pocket10_all_atoms,0.4,0,0,0.0,0.0,0.0,no_severe,no_severe,no_severe
complex_crossdocked_000004__cand_0019,complex_crossdocked_000004,raw_generated,pocket10_all_atoms,0.4,0,0,0.0,0.0,0.0,no_severe,no_severe,no_severe
complex_crossdocked_000004__cand_0019,complex_crossdocked_000004,standardized_generated,pocket10_all_atoms,0.4,0,0,0.0,0.0,0.0,no_severe,no_severe,no_severe
complex_crossdocked_000004__cand_0020,complex_crossdocked_000004,raw_generated,pocket10_all_atoms,0.4,0,0,0.0,0.0,0.0,no_severe,no_severe,no_severe
complex_crossdocked_000004__cand_0020,complex_crossdocked_000004,standardized_generated,pocket10_all_atoms,0.4,0,0,0.0,0.0,0.0,no_severe,no_severe,no_severe
complex_crossdocked_000005__cand_0001,complex_crossdocked_000005,raw_generated,pocket10_all_atoms,0.4,0,0,0.0,0.0,0.0,no_severe,no_severe,no_severe
complex_crossdocked_000005__cand_0001,complex_crossdocked_000005,standardized_generated,pocket10_all_atoms,0.4,0,0,0.0,0.0,0.0,no_severe,no_severe,no_severe
complex_crossdocked_000005__cand_0002,complex_crossdocked_000005,raw_generated,pocket10_all_atoms,0.4,1,0,1.5167655931236368e-05,0.0038945674896240234,0.0038945674896240234,no_severe,no_severe,no_severe
complex_crossdocked_000005__cand_0002,complex_crossdocked_000005,standardized_generated,pocket10_all_atoms,0.4,1,0,1.5167655931236368e-05,0.0038945674896240234,0.0038945674896240234,no_severe,no_severe,no_severe
complex_crossdocked_000005__cand_0004,complex_crossdocked_000005,raw_generated,pocket10_all_atoms,0.4,1,0,0.015115197180421092,0.12294387817382812,0.12294387817382812,no_severe,no_severe,no_severe
complex_crossdocked_000005__cand_0004,complex_crossdocked_000005,standardized_generated,pocket10_all_atoms,0.4,1,0,0.015115197180421092,0.12294387817382812,0.12294387817382812,no_severe,no_severe,no_severe
complex_crossdocked_000005__cand_0005,complex_crossdocked_000005,raw_generated,pocket10_all_atoms,0.4,0,0,0.0,0.0,0.0,no_severe,no_severe,no_severe
complex_crossdocked_000005__cand_0005,complex_crossdocked_000005,standardized_generated,pocket10_all_atoms,0.4,0,0,0.0,0.0,0.0,no_severe,no_severe,no_severe
complex_crossdocked_000005__cand_0007,complex_crossdocked_000005,raw_generated,pocket10_all_atoms,0.4,0,0,0.0,0.0,0.0,no_severe,no_severe,no_severe
complex_crossdocked_000005__cand_0007,complex_crossdocked_000005,standardized_generated,pocket10_all_atoms,0.4,0,0,0.0,0.0,0.0,no_severe,no_severe,no_severe
complex_crossdocked_000005__cand_0008,complex_crossdocked_000005,raw_generated,pocket10_all_atoms,0.4,1,0,0.0664634742389012,0.25780510902404785,0.25780510902404785,no_severe,no_severe,no_severe
complex_crossdocked_000005__cand_0008,complex_crossdocked_000005,standardized_generated,pocket10_all_atoms,0.4,1,0,0.0664634742389012,0.25780510902404785,0.25780510902404785,no_severe,no_severe,no_severe
complex_crossdocked_000005__cand_0011,complex_crossdocked_000005,raw_generated,pocket10_all_atoms,0.4,0,0,0.0,0.0,0.0,no_severe,no_severe,no_severe
complex_crossdocked_000005__cand_0011,complex_crossdocked_000005,standardized_generated,pocket10_all_atoms,0.4,0,0,0.0,0.0,0.0,no_severe,no_severe,no_severe
complex_crossdocked_000005__cand_0012,complex_crossdocked_000005,raw_generated,pocket10_all_atoms,0.4,0,0,0.0,0.0,0.0,no_severe,no_severe,no_severe
complex_crossdocked_000005__cand_0012,complex_crossdocked_000005,standardized_generated,pocket10_all_atoms,0.4,0,0,0.0,0.0,0.0,no_severe,no_severe,no_severe
complex_crossdocked_000005__cand_0013,complex_crossdocked_000005,raw_generated,pocket10_all_atoms,0.4,0,0,0.0,0.0,0.0,no_severe,no_severe,no_severe
complex_crossdocked_000005__cand_0013,complex_crossdocked_000005,standardized_generated,pocket10_all_atoms,0.4,0,0,0.0,0.0,0.0,no_severe,no_severe,no_severe
complex_crossdocked_000005__cand_0015,complex_crossdocked_000005,raw_generated,pocket10_all_atoms,0.4,0,0,0.0,0.0,0.0,no_severe,no_severe,no_severe
complex_crossdocked_000005__cand_0015,complex_crossdocked_000005,standardized_generated,pocket10_all_atoms,0.4,0,0,0.0,0.0,0.0,no_severe,no_severe,no_severe
complex_crossdocked_000005__cand_0016,complex_crossdocked_000005,raw_generated,pocket10_all_atoms,0.4,0,0,0.0,0.0,0.0,no_severe,no_severe,no_severe
complex_crossdocked_000005__cand_0016,complex_crossdocked_000005,standardized_generated,pocket10_all_atoms,0.4,0,0,0.0,0.0,0.0,no_severe,no_severe,no_severe
complex_crossdocked_000005__cand_0017,complex_crossdocked_000005,raw_generated,pocket10_all_atoms,0.4,1,0,0.0006590372336745531,0.025671720504760742,0.025671720504760742,no_severe,no_severe,no_severe
complex_crossdocked_000005__cand_0017,complex_crossdocked_000005,standardized_generated,pocket10_all_atoms,0.4,1,0,0.0006590372336745531,0.025671720504760742,0.025671720504760742,no_severe,no_severe,no_severe
complex_crossdocked_000006__cand_0001,complex_crossdocked_000006,raw_generated,pocket10_all_atoms,0.4,6,2,1.853840404509583,0.9308075904846191,0.4469938278198242,severe,severe,severe
complex_crossdocked_000006__cand_0001,complex_crossdocked_000006,standardized_generated,pocket10_all_atoms,0.4,6,2,1.853840404509583,0.9308075904846191,0.4469938278198242,severe,severe,severe
complex_crossdocked_000006__cand_0002,complex_crossdocked_000006,raw_generated,pocket10_all_atoms,0.4,1,0,2.53288522458206e-05,0.005032777786254883,0.005032777786254883,no_severe,no_severe,no_severe
complex_crossdocked_000006__cand_0002,complex_crossdocked_000006,standardized_generated,pocket10_all_atoms,0.4,1,0,2.53288522458206e-05,0.005032777786254883,0.005032777786254883,no_severe,no_severe,no_severe
complex_crossdocked_000006__cand_0003,complex_crossdocked_000006,raw_generated,pocket10_all_atoms,0.4,9,4,1.2670598622476064,0.61686110496521,0.32415951622856987,severe,severe,severe
complex_crossdocked_000006__cand_0003,complex_crossdocked_000006,standardized_generated,pocket10_all_atoms,0.4,9,4,1.2670598622476064,0.61686110496521,0.32415951622856987,severe,severe,severe
complex_crossdocked_000006__cand_0006,complex_crossdocked_000006,raw_generated,pocket10_all_atoms,0.4,0,0,0.0,0.0,0.0,no_severe,no_severe,no_severe
complex_crossdocked_000006__cand_0006,complex_crossdocked_000006,standardized_generated,pocket10_all_atoms,0.4,0,0,0.0,0.0,0.0,no_severe,no_severe,no_severe
complex_crossdocked_000006__cand_0008,complex_crossdocked_000006,raw_generated,pocket10_all_atoms,0.4,6,2,1.7445489623935515,1.1262515783309937,0.41119001309076947,severe,severe,severe
complex_crossdocked_000006__cand_0008,complex_crossdocked_000006,standardized_generated,pocket10_all_atoms,0.4,6,2,1.7445489623935515,1.1262515783309937,0.41119001309076947,severe,severe,severe
complex_crossdocked_000006__cand_0010,complex_crossdocked_000006,raw_generated,pocket10_all_atoms,0.4,53,32,25.774864792308207,1.7578175067901611,0.5721057338534661,severe,severe,severe
complex_crossdocked_000006__cand_0010,complex_crossdocked_000006,standardized_generated,pocket10_all_atoms,0.4,53,32,25.774864792308207,1.7578175067901611,0.5721057338534661,severe,severe,severe
complex_crossdocked_000006__cand_0011,complex_crossdocked_000006,raw_generated,pocket10_all_atoms,0.4,0,0,0.0,0.0,0.0,no_severe,no_severe,no_severe
complex_crossdocked_000006__cand_0011,complex_crossdocked_000006,standardized_generated,pocket10_all_atoms,0.4,0,0,0.0,0.0,0.0,no_severe,no_severe,no_severe
complex_crossdocked_000006__cand_0012,complex_crossdocked_000006,raw_generated,pocket10_all_atoms,0.4,0,0,0.0,0.0,0.0,no_severe,no_severe,no_severe
complex_crossdocked_000006__cand_0012,complex_crossdocked_000006,standardized_generated,pocket10_all_atoms,0.4,0,0,0.0,0.0,0.0,no_severe,no_severe,no_severe
complex_crossdocked_000006__cand_0013,complex_crossdocked_000006,raw_generated,pocket10_all_atoms,0.4,0,0,0.0,0.0,0.0,no_severe,no_severe,no_severe
complex_crossdocked_000006__cand_0013,complex_crossdocked_000006,standardized_generated,pocket10_all_atoms,0.4,0,0,0.0,0.0,0.0,no_severe,no_severe,no_severe
complex_crossdocked_000006__cand_0014,complex_crossdocked_000006,raw_generated,pocket10_all_atoms,0.4,0,0,0.0,0.0,0.0,no_severe,no_severe,no_severe
complex_crossdocked_000006__cand_0014,complex_crossdocked_000006,standardized_generated,pocket10_all_atoms,0.4,0,0,0.0,0.0,0.0,no_severe,no_severe,no_severe
complex_crossdocked_000006__cand_0018,complex_crossdocked_000006,raw_generated,pocket10_all_atoms,0.4,1,0,7.069451385177672e-06,0.002658843994140625,0.002658843994140625,no_severe,no_severe,no_severe
complex_crossdocked_000006__cand_0018,complex_crossdocked_000006,standardized_generated,pocket10_all_atoms,0.4,1,0,7.069451385177672e-06,0.002658843994140625,0.002658843994140625,no_severe,no_severe,no_severe
complex_crossdocked_000006__cand_0019,complex_crossdocked_000006,raw_generated,pocket10_all_atoms,0.4,1,0,0.006490868982155007,0.0805659294128418,0.0805659294128418,no_severe,no_severe,no_severe
complex_crossdocked_000006__cand_0019,complex_crossdocked_000006,standardized_generated,pocket10_all_atoms,0.4,1,0,0.006490868982155007,0.0805659294128418,0.0805659294128418,no_severe,no_severe,no_severe
complex_crossdocked_000006__cand_0020,complex_crossdocked_000006,raw_generated,pocket10_all_atoms,0.4,41,28,36.584450590945906,1.8502678871154785,0.7995766284989148,severe,severe,severe
complex_crossdocked_000006__cand_0020,complex_crossdocked_000006,standardized_generated,pocket10_all_atoms,0.4,41,28,36.584450590945906,1.8502678871154785,0.7995766284989148,severe,severe,severe
complex_crossdocked_000007__cand_0001,complex_crossdocked_000007,raw_generated,pocket10_all_atoms,0.4,0,0,0.0,0.0,0.0,no_severe,no_severe,no_severe
complex_crossdocked_000007__cand_0001,complex_crossdocked_000007,standardized_generated,pocket10_all_atoms,0.4,0,0,0.0,0.0,0.0,no_severe,no_severe,no_severe
complex_crossdocked_000007__cand_0003,complex_crossdocked_000007,raw_generated,pocket10_all_atoms,0.4,0,0,0.0,0.0,0.0,no_severe,no_severe,no_severe
complex_crossdocked_000007__cand_0003,complex_crossdocked_000007,standardized_generated,pocket10_all_atoms,0.4,0,0,0.0,0.0,0.0,no_severe,no_severe,no_severe
complex_crossdocked_000007__cand_0006,complex_crossdocked_000007,raw_generated,pocket10_all_atoms,0.4,0,0,0.0,0.0,0.0,no_severe,no_severe,no_severe
complex_crossdocked_000007__cand_0006,complex_crossdocked_000007,standardized_generated,pocket10_all_atoms,0.4,0,0,0.0,0.0,0.0,no_severe,no_severe,no_severe
complex_crossdocked_000007__cand_0007,complex_crossdocked_000007,raw_generated,pocket10_all_atoms,0.4,0,0,0.0,0.0,0.0,no_severe,no_severe,no_severe
complex_crossdocked_000007__cand_0007,complex_crossdocked_000007,standardized_generated,pocket10_all_atoms,0.4,0,0,0.0,0.0,0.0,no_severe,no_severe,no_severe
complex_crossdocked_000007__cand_0010,complex_crossdocked_000007,raw_generated,pocket10_all_atoms,0.4,1,0,8.179701785593352e-05,0.009044170379638672,0.009044170379638672,no_severe,no_severe,no_severe
complex_crossdocked_000007__cand_0010,complex_crossdocked_000007,standardized_generated,pocket10_all_atoms,0.4,1,0,8.179701785593352e-05,0.009044170379638672,0.009044170379638672,no_severe,no_severe,no_severe
complex_crossdocked_000007__cand_0012,complex_crossdocked_000007,raw_generated,pocket10_all_atoms,0.4,1,0,0.00020777234590241278,0.014414310455322266,0.014414310455322266,no_severe,no_severe,no_severe
complex_crossdocked_000007__cand_0012,complex_crossdocked_000007,standardized_generated,pocket10_all_atoms,0.4,1,0,0.00020777234590241278,0.014414310455322266,0.014414310455322266,no_severe,no_severe,no_severe
complex_crossdocked_000007__cand_0013,complex_crossdocked_000007,raw_generated,pocket10_all_atoms,0.4,1,0,0.00014774538635720091,0.01215505599975586,0.01215505599975586,no_severe,no_severe,no_severe
complex_crossdocked_000007__cand_0013,complex_crossdocked_000007,standardized_generated,pocket10_all_atoms,0.4,1,0,0.00014774538635720091,0.01215505599975586,0.01215505599975586,no_severe,no_severe,no_severe
complex_crossdocked_000007__cand_0014,complex_crossdocked_000007,raw_generated,pocket10_all_atoms,0.4,0,0,0.0,0.0,0.0,no_severe,no_severe,no_severe
complex_crossdocked_000007__cand_0014,complex_crossdocked_000007,standardized_generated,pocket10_all_atoms,0.4,0,0,0.0,0.0,0.0,no_severe,no_severe,no_severe
complex_crossdocked_000007__cand_0015,complex_crossdocked_000007,raw_generated,pocket10_all_atoms,0.4,2,1,0.16434384783843825,0.40535974502563477,0.20529353618621826,severe,severe,no_severe
complex_crossdocked_000007__cand_0015,complex_crossdocked_000007,standardized_generated,pocket10_all_atoms,0.4,2,1,0.16434384783843825,0.40535974502563477,0.20529353618621826,severe,severe,no_severe
complex_crossdocked_000007__cand_0016,complex_crossdocked_000007,raw_generated,pocket10_all_atoms,0.4,0,0,0.0,0.0,0.0,no_severe,no_severe,no_severe
complex_crossdocked_000007__cand_0016,complex_crossdocked_000007,standardized_generated,pocket10_all_atoms,0.4,0,0,0.0,0.0,0.0,no_severe,no_severe,no_severe
complex_crossdocked_000007__cand_0017,complex_crossdocked_000007,raw_generated,pocket10_all_atoms,0.4,0,0,0.0,0.0,0.0,no_severe,no_severe,no_severe
complex_crossdocked_000007__cand_0017,complex_crossdocked_000007,standardized_generated,pocket10_all_atoms,0.4,0,0,0.0,0.0,0.0,no_severe,no_severe,no_severe
