base_sample_id,base_complex_id,base_split,target_id,split_group,source_dataset,raw_protein_path,raw_ligand_path,original_protein_path,original_pocket10_path,original_ligand_path,protein_sha256,ligand_sha256,canonical_smiles,inchi_key,crossdocked_pair_name,diffsbdd_split_status,exact_pair_overlap,protein_file_overlap,ligand_file_overlap,same_target_overlap,same_pocket_overlap,ligand_exact_overlap,ligand_similarity_max,sequence_identity_to_train_max,overlap_tier,external_validity_eligible,audit_decision,audit_notes
complex_crossdocked_000001,complex_crossdocked_000001,test,CDGT2_BACCI_28_713_0,CDGT2_BACCI_28_713_0,crossdocked_subset,/home/lyj/mnt/project/clash2feedback_gc/data/raw_complexes/complex_crossdocked_000001/protein.pdb,/home/lyj/mnt/project/clash2feedback_gc/data/raw_complexes/complex_crossdocked_000001/ligand.sdf,CDGT2_BACCI_28_713_0/1pj9_A_rec_1kcl_mal_lig_tt_min_0_pocket10.pdb,CDGT2_BACCI_28_713_0/1pj9_A_rec_1kcl_mal_lig_tt_min_0_pocket10.pdb,CDGT2_BACCI_28_713_0/1pj9_A_rec_1kcl_mal_lig_tt_min_0.sdf,c88963ce932cdec4c1726f0265953167c223d18cd3e88f1a9fb50294d22838b0,78e291aa703627acf25dee70838234edd8bf12ab19a86bf849069645d8d84b83,OCC1OC(OC2C(CO)OC(O)C(O)C2O)C(O)C(O)C1O,GUBGYTABKSRVRQ-ASMJPISFSA-N,CDGT2_BACCI_28_713_0/1pj9_A_rec_1kcl_mal_lig_tt_min_0.sdf,official_split_unavailable,False,False,False,False,False,False,,,T_unknown,True,external_main_candidate,Official DiffSBDD/Pocket2Mol split files unavailable; conclusion must remain conservative.
complex_crossdocked_000002,complex_crossdocked_000002,test,CDGT2_BACCI_28_713_0,CDGT2_BACCI_28_713_0,crossdocked_subset,/home/lyj/mnt/project/clash2feedback_gc/data/raw_complexes/complex_crossdocked_000002/protein.pdb,/home/lyj/mnt/project/clash2feedback_gc/data/raw_complexes/complex_crossdocked_000002/ligand.sdf,CDGT2_BACCI_28_713_0/1kcl_A_rec_1kcl_mal_lig_tt_min_0_pocket10.pdb,CDGT2_BACCI_28_713_0/1kcl_A_rec_1kcl_mal_lig_tt_min_0_pocket10.pdb,CDGT2_BACCI_28_713_0/1kcl_A_rec_1kcl_mal_lig_tt_min_0.sdf,b7230d05852f49f8f4d9e6d6e76a1721f8c2f7d3aa1f81832698752cc08e7a4c,b2bd8b9b9184ee84fd0f9c3df68c722487f4f198ed1bd0b0a8712f142b0bc343,OCC1OC(OC2C(CO)OC(O)C(O)C2O)C(O)C(O)C1O,GUBGYTABKSRVRQ-ASMJPISFSA-N,CDGT2_BACCI_28_713_0/1kcl_A_rec_1kcl_mal_lig_tt_min_0.sdf,official_split_unavailable,False,False,False,False,False,False,,,T_unknown,True,external_main_candidate,Official DiffSBDD/Pocket2Mol split files unavailable; conclusion must remain conservative.
complex_crossdocked_000003,complex_crossdocked_000003,test,CDGT2_BACCI_28_713_0,CDGT2_BACCI_28_713_0,crossdocked_subset,/home/lyj/mnt/project/clash2feedback_gc/data/raw_complexes/complex_crossdocked_000003/protein.pdb,/home/lyj/mnt/project/clash2feedback_gc/data/raw_complexes/complex_crossdocked_000003/ligand.sdf,CDGT2_BACCI_28_713_0/1cxf_A_rec_1kcl_mal_lig_tt_min_0_pocket10.pdb,CDGT2_BACCI_28_713_0/1cxf_A_rec_1kcl_mal_lig_tt_min_0_pocket10.pdb,CDGT2_BACCI_28_713_0/1cxf_A_rec_1kcl_mal_lig_tt_min_0.sdf,7466f9853ac42d02fd870c0c66982f72938c31479131dc09b65c3600fe63fe0a,c74a40a00644ec3935802aab174421009ec268aca83220ba04b36e707f73b23c,OCC1OC(OC2C(CO)OC(O)C(O)C2O)C(O)C(O)C1O,GUBGYTABKSRVRQ-ASMJPISFSA-N,CDGT2_BACCI_28_713_0/1cxf_A_rec_1kcl_mal_lig_tt_min_0.sdf,official_split_unavailable,False,False,False,False,False,False,,,T_unknown,True,external_main_candidate,Official DiffSBDD/Pocket2Mol split files unavailable; conclusion must remain conservative.
complex_crossdocked_000004,complex_crossdocked_000004,test,CDGT2_BACCI_28_713_0,CDGT2_BACCI_28_713_0,crossdocked_subset,/home/lyj/mnt/project/clash2feedback_gc/data/raw_complexes/complex_crossdocked_000004/protein.pdb,/home/lyj/mnt/project/clash2feedback_gc/data/raw_complexes/complex_crossdocked_000004/ligand.sdf,CDGT2_BACCI_28_713_0/1cxl_A_rec_1kcl_mal_lig_tt_docked_1_pocket10.pdb,CDGT2_BACCI_28_713_0/1cxl_A_rec_1kcl_mal_lig_tt_docked_1_pocket10.pdb,CDGT2_BACCI_28_713_0/1cxl_A_rec_1kcl_mal_lig_tt_docked_1.sdf,43e24101f92319981ef134766ba27dc09f9675163dd14b391e994391e472465b,db7560228e09f3d8c50af03e092b6b4e6bafe0a05795e2f6aef1772d9608d7ca,OCC1OC(OC2C(CO)OC(O)C(O)C2O)C(O)C(O)C1O,GUBGYTABKSRVRQ-ASMJPISFSA-N,CDGT2_BACCI_28_713_0/1cxl_A_rec_1kcl_mal_lig_tt_docked_1.sdf,official_split_unavailable,False,False,False,False,False,False,,,T_unknown,True,external_main_candidate,Official DiffSBDD/Pocket2Mol split files unavailable; conclusion must remain conservative.
complex_crossdocked_000005,complex_crossdocked_000005,test,CDGT2_BACCI_28_713_0,CDGT2_BACCI_28_713_0,crossdocked_subset,/home/lyj/mnt/project/clash2feedback_gc/data/raw_complexes/complex_crossdocked_000005/protein.pdb,/home/lyj/mnt/project/clash2feedback_gc/data/raw_complexes/complex_crossdocked_000005/ligand.sdf,CDGT2_BACCI_28_713_0/1d3c_A_rec_1kcl_mal_lig_tt_min_0_pocket10.pdb,CDGT2_BACCI_28_713_0/1d3c_A_rec_1kcl_mal_lig_tt_min_0_pocket10.pdb,CDGT2_BACCI_28_713_0/1d3c_A_rec_1kcl_mal_lig_tt_min_0.sdf,abf8858c7ea7bf54799b3db4726997ba322918514e8ebeefa2d53c05dca4b56d,b63b68d41dd033e9d7beb99311425e68a1b11f67a1a47b0e533f160bdd37d931,OCC1OC(OC2C(CO)OC(O)C(O)C2O)C(O)C(O)C1O,GUBGYTABKSRVRQ-ASMJPISFSA-N,CDGT2_BACCI_28_713_0/1d3c_A_rec_1kcl_mal_lig_tt_min_0.sdf,official_split_unavailable,False,False,False,False,False,False,,,T_unknown,True,external_main_candidate,Official DiffSBDD/Pocket2Mol split files unavailable; conclusion must remain conservative.
complex_crossdocked_000006,complex_crossdocked_000006,test,CDGT2_BACCI_28_713_0,CDGT2_BACCI_28_713_0,crossdocked_subset,/home/lyj/mnt/project/clash2feedback_gc/data/raw_complexes/complex_crossdocked_000006/protein.pdb,/home/lyj/mnt/project/clash2feedback_gc/data/raw_complexes/complex_crossdocked_000006/ligand.sdf,CDGT2_BACCI_28_713_0/1kck_A_rec_1kcl_mal_lig_tt_min_0_pocket10.pdb,CDGT2_BACCI_28_713_0/1kck_A_rec_1kcl_mal_lig_tt_min_0_pocket10.pdb,CDGT2_BACCI_28_713_0/1kck_A_rec_1kcl_mal_lig_tt_min_0.sdf,47c2298b04aed2e97f4fe3242de04a0889a8f9f5294cd0e46ee7bfa3db4e400f,889136ec049e1f45988abe5634d6801d58ecf1806ad558aed4c414150c54e33a,OCC1OC(OC2C(CO)OC(O)C(O)C2O)C(O)C(O)C1O,GUBGYTABKSRVRQ-ASMJPISFSA-N,CDGT2_BACCI_28_713_0/1kck_A_rec_1kcl_mal_lig_tt_min_0.sdf,official_split_unavailable,False,False,False,False,False,False,,,T_unknown,True,external_main_candidate,Official DiffSBDD/Pocket2Mol split files unavailable; conclusion must remain conservative.
complex_crossdocked_000007,complex_crossdocked_000007,test,CDGT2_BACCI_28_713_0,CDGT2_BACCI_28_713_0,crossdocked_subset,/home/lyj/mnt/project/clash2feedback_gc/data/raw_complexes/complex_crossdocked_000007/protein.pdb,/home/lyj/mnt/project/clash2feedback_gc/data/raw_complexes/complex_crossdocked_000007/ligand.sdf,CDGT2_BACCI_28_713_0/1cxl_A_rec_1kcl_mal_lig_tt_min_0_pocket10.pdb,CDGT2_BACCI_28_713_0/1cxl_A_rec_1kcl_mal_lig_tt_min_0_pocket10.pdb,CDGT2_BACCI_28_713_0/1cxl_A_rec_1kcl_mal_lig_tt_min_0.sdf,e4644736bab4bd5dee7d267b083df7ed7dccad66c63412cd0533dcb217403b56,2fecaf871928fa60cf3817e804c1d42db6800d563178026294e1ff151591d44f,OCC1OC(OC2C(CO)OC(O)C(O)C2O)C(O)C(O)C1O,GUBGYTABKSRVRQ-ASMJPISFSA-N,CDGT2_BACCI_28_713_0/1cxl_A_rec_1kcl_mal_lig_tt_min_0.sdf,official_split_unavailable,False,False,False,False,False,False,,,T_unknown,True,external_main_candidate,Official DiffSBDD/Pocket2Mol split files unavailable; conclusion must remain conservative.
complex_crossdocked_000008,complex_crossdocked_000008,test,CDGT2_BACCI_28_713_0,CDGT2_BACCI_28_713_0,crossdocked_subset,/home/lyj/mnt/project/clash2feedback_gc/data/raw_complexes/complex_crossdocked_000008/protein.pdb,/home/lyj/mnt/project/clash2feedback_gc/data/raw_complexes/complex_crossdocked_000008/ligand.sdf,CDGT2_BACCI_28_713_0/1eo5_A_rec_1kcl_mal_lig_tt_min_0_pocket10.pdb,CDGT2_BACCI_28_713_0/1eo5_A_rec_1kcl_mal_lig_tt_min_0_pocket10.pdb,CDGT2_BACCI_28_713_0/1eo5_A_rec_1kcl_mal_lig_tt_min_0.sdf,7b640af880f168b47e4e1dd49c65e47a2f977fc1bd5a2b56c65a56a2e998e306,7547da3f341d7ccdfb46b05b576ec502166c448fe107e506ee8eaa19153675cf,OCC1OC(OC2C(CO)OC(O)C(O)C2O)C(O)C(O)C1O,GUBGYTABKSRVRQ-ASMJPISFSA-N,CDGT2_BACCI_28_713_0/1eo5_A_rec_1kcl_mal_lig_tt_min_0.sdf,official_split_unavailable,False,False,False,False,False,False,,,T_unknown,True,external_main_candidate,Official DiffSBDD/Pocket2Mol split files unavailable; conclusion must remain conservative.
complex_crossdocked_000009,complex_crossdocked_000009,test,CDGT2_BACCI_28_713_0,CDGT2_BACCI_28_713_0,crossdocked_subset,/home/lyj/mnt/project/clash2feedback_gc/data/raw_complexes/complex_crossdocked_000009/protein.pdb,/home/lyj/mnt/project/clash2feedback_gc/data/raw_complexes/complex_crossdocked_000009/ligand.sdf,CDGT2_BACCI_28_713_0/2cxg_A_rec_1kcl_mal_lig_tt_min_0_pocket10.pdb,CDGT2_BACCI_28_713_0/2cxg_A_rec_1kcl_mal_lig_tt_min_0_pocket10.pdb,CDGT2_BACCI_28_713_0/2cxg_A_rec_1kcl_mal_lig_tt_min_0.sdf,3745b7e1830782b6ceed2695ed56a2d8f53fb65efc2325349e26ecddbafa0979,e7d2f17b3c24025f3ea5f2a80234b3132c6d26a15992ab87c411f7782a617d1a,OCC1OC(OC2C(CO)OC(O)C(O)C2O)C(O)C(O)C1O,GUBGYTABKSRVRQ-ASMJPISFSA-N,CDGT2_BACCI_28_713_0/2cxg_A_rec_1kcl_mal_lig_tt_min_0.sdf,official_split_unavailable,False,False,False,False,False,False,,,T_unknown,True,external_main_candidate,Official DiffSBDD/Pocket2Mol split files unavailable; conclusion must remain conservative.
complex_crossdocked_000010,complex_crossdocked_000010,test,CDGT2_BACCI_28_713_0,CDGT2_BACCI_28_713_0,crossdocked_subset,/home/lyj/mnt/project/clash2feedback_gc/data/raw_complexes/complex_crossdocked_000010/protein.pdb,/home/lyj/mnt/project/clash2feedback_gc/data/raw_complexes/complex_crossdocked_000010/ligand.sdf,CDGT2_BACCI_28_713_0/1ot1_A_rec_1kcl_mal_lig_tt_min_0_pocket10.pdb,CDGT2_BACCI_28_713_0/1ot1_A_rec_1kcl_mal_lig_tt_min_0_pocket10.pdb,CDGT2_BACCI_28_713_0/1ot1_A_rec_1kcl_mal_lig_tt_min_0.sdf,ae4032cb62e7c5ce2888f9ef886287e5e817878adb09652fe85491143fa9a700,e30fb7bcd9d868cf256ddf4c5b838cad17bbf9934ebe59e32ca136446f8a6f8e,OCC1OC(OC2C(CO)OC(O)C(O)C2O)C(O)C(O)C1O,GUBGYTABKSRVRQ-ASMJPISFSA-N,CDGT2_BACCI_28_713_0/1ot1_A_rec_1kcl_mal_lig_tt_min_0.sdf,official_split_unavailable,False,False,False,False,False,False,,,T_unknown,True,external_main_candidate,Official DiffSBDD/Pocket2Mol split files unavailable; conclusion must remain conservative.
complex_crossdocked_000011,complex_crossdocked_000011,test,CDGT2_BACCI_28_713_0,CDGT2_BACCI_28_713_0,crossdocked_subset,/home/lyj/mnt/project/clash2feedback_gc/data/raw_complexes/complex_crossdocked_000011/protein.pdb,/home/lyj/mnt/project/clash2feedback_gc/data/raw_complexes/complex_crossdocked_000011/ligand.sdf,CDGT2_BACCI_28_713_0/2dij_A_rec_1kcl_mal_lig_tt_min_0_pocket10.pdb,CDGT2_BACCI_28_713_0/2dij_A_rec_1kcl_mal_lig_tt_min_0_pocket10.pdb,CDGT2_BACCI_28_713_0/2dij_A_rec_1kcl_mal_lig_tt_min_0.sdf,b56dc606c4941594f49cdf2bac618869a90648dcff1e8efd66f516f891f5e474,9996f615d7818fb04e6deb59d639d52334f391d3f23d4214c64fc6eb50459194,OCC1OC(OC2C(CO)OC(O)C(O)C2O)C(O)C(O)C1O,GUBGYTABKSRVRQ-ASMJPISFSA-N,CDGT2_BACCI_28_713_0/2dij_A_rec_1kcl_mal_lig_tt_min_0.sdf,official_split_unavailable,False,False,False,False,False,False,,,T_unknown,True,external_main_candidate,Official DiffSBDD/Pocket2Mol split files unavailable; conclusion must remain conservative.
complex_crossdocked_000012,complex_crossdocked_000012,test,CDGT2_BACCI_28_713_0,CDGT2_BACCI_28_713_0,crossdocked_subset,/home/lyj/mnt/project/clash2feedback_gc/data/raw_complexes/complex_crossdocked_000012/protein.pdb,/home/lyj/mnt/project/clash2feedback_gc/data/raw_complexes/complex_crossdocked_000012/ligand.sdf,CDGT2_BACCI_28_713_0/1tcm_B_rec_1kcl_mal_lig_tt_min_0_pocket10.pdb,CDGT2_BACCI_28_713_0/1tcm_B_rec_1kcl_mal_lig_tt_min_0_pocket10.pdb,CDGT2_BACCI_28_713_0/1tcm_B_rec_1kcl_mal_lig_tt_min_0.sdf,0abaca52feec0219f4b22cfd501a4b657f42dec825c477fb989d87fb2d21eb21,e54d99f182a601527c483ab8ac052b5accf8d80200e8b94fe469679539dd464c,OCC1OC(OC2C(CO)OC(O)C(O)C2O)C(O)C(O)C1O,GUBGYTABKSRVRQ-ASMJPISFSA-N,CDGT2_BACCI_28_713_0/1tcm_B_rec_1kcl_mal_lig_tt_min_0.sdf,official_split_unavailable,False,False,False,False,False,False,,,T_unknown,True,external_main_candidate,Official DiffSBDD/Pocket2Mol split files unavailable; conclusion must remain conservative.
complex_crossdocked_000013,complex_crossdocked_000013,test,CDGT2_BACCI_28_713_0,CDGT2_BACCI_28_713_0,crossdocked_subset,/home/lyj/mnt/project/clash2feedback_gc/data/raw_complexes/complex_crossdocked_000013/protein.pdb,/home/lyj/mnt/project/clash2feedback_gc/data/raw_complexes/complex_crossdocked_000013/ligand.sdf,CDGT2_BACCI_28_713_0/1dtu_A_rec_1kcl_mal_lig_tt_min_0_pocket10.pdb,CDGT2_BACCI_28_713_0/1dtu_A_rec_1kcl_mal_lig_tt_min_0_pocket10.pdb,CDGT2_BACCI_28_713_0/1dtu_A_rec_1kcl_mal_lig_tt_min_0.sdf,ad12f3d12f619186628fb3a90c297a2ff7a0eb1d67163b4605b967dc49a8d452,751d31168a36ba0c135e9d8dc728db427a74072b5daf0d7b9348247b91bbb628,OCC1OC(OC2C(CO)OC(O)C(O)C2O)C(O)C(O)C1O,GUBGYTABKSRVRQ-ASMJPISFSA-N,CDGT2_BACCI_28_713_0/1dtu_A_rec_1kcl_mal_lig_tt_min_0.sdf,official_split_unavailable,False,False,False,False,False,False,,,T_unknown,True,external_main_candidate,Official DiffSBDD/Pocket2Mol split files unavailable; conclusion must remain conservative.
complex_crossdocked_000014,complex_crossdocked_000014,test,CDGT2_BACCI_28_713_0,CDGT2_BACCI_28_713_0,crossdocked_subset,/home/lyj/mnt/project/clash2feedback_gc/data/raw_complexes/complex_crossdocked_000014/protein.pdb,/home/lyj/mnt/project/clash2feedback_gc/data/raw_complexes/complex_crossdocked_000014/ligand.sdf,CDGT2_BACCI_28_713_0/1kcl_A_rec_1kcl_mal_lig_tt_docked_1_pocket10.pdb,CDGT2_BACCI_28_713_0/1kcl_A_rec_1kcl_mal_lig_tt_docked_1_pocket10.pdb,CDGT2_BACCI_28_713_0/1kcl_A_rec_1kcl_mal_lig_tt_docked_1.sdf,1a2069d72d9d687cf0a3d9c5c91e83ba7cdd1c88b119d886f173b96779c28869,8ed9533a243df156a0812b27d36ce39ce30916a43c5c352f294bac865e1618ec,OCC1OC(OC2C(CO)OC(O)C(O)C2O)C(O)C(O)C1O,GUBGYTABKSRVRQ-ASMJPISFSA-N,CDGT2_BACCI_28_713_0/1kcl_A_rec_1kcl_mal_lig_tt_docked_1.sdf,official_split_unavailable,False,False,False,False,False,False,,,T_unknown,True,external_main_candidate,Official DiffSBDD/Pocket2Mol split files unavailable; conclusion must remain conservative.
complex_crossdocked_000015,complex_crossdocked_000015,test,CDGT2_BACCI_28_713_0,CDGT2_BACCI_28_713_0,crossdocked_subset,/home/lyj/mnt/project/clash2feedback_gc/data/raw_complexes/complex_crossdocked_000015/protein.pdb,/home/lyj/mnt/project/clash2feedback_gc/data/raw_complexes/complex_crossdocked_000015/ligand.sdf,CDGT2_BACCI_28_713_0/1d3c_A_rec_1kcl_mal_lig_tt_docked_1_pocket10.pdb,CDGT2_BACCI_28_713_0/1d3c_A_rec_1kcl_mal_lig_tt_docked_1_pocket10.pdb,CDGT2_BACCI_28_713_0/1d3c_A_rec_1kcl_mal_lig_tt_docked_1.sdf,69c6eb808fd28cc1c258360d3d52d2193a3b5cc711c2aa9593fe398a390e3982,cd3f268aea086d643abbc72a34470940799d89bacb80eae9e006aafd91484444,OCC1OC(OC2C(CO)OC(O)C(O)C2O)C(O)C(O)C1O,GUBGYTABKSRVRQ-ASMJPISFSA-N,CDGT2_BACCI_28_713_0/1d3c_A_rec_1kcl_mal_lig_tt_docked_1.sdf,official_split_unavailable,False,False,False,False,False,False,,,T_unknown,True,external_main_candidate,Official DiffSBDD/Pocket2Mol split files unavailable; conclusion must remain conservative.
complex_crossdocked_000016,complex_crossdocked_000016,test,CDGT2_BACCI_28_713_0,CDGT2_BACCI_28_713_0,crossdocked_subset,/home/lyj/mnt/project/clash2feedback_gc/data/raw_complexes/complex_crossdocked_000016/protein.pdb,/home/lyj/mnt/project/clash2feedback_gc/data/raw_complexes/complex_crossdocked_000016/ligand.sdf,CDGT2_BACCI_28_713_0/1cxf_A_rec_1kcl_mal_lig_tt_docked_1_pocket10.pdb,CDGT2_BACCI_28_713_0/1cxf_A_rec_1kcl_mal_lig_tt_docked_1_pocket10.pdb,CDGT2_BACCI_28_713_0/1cxf_A_rec_1kcl_mal_lig_tt_docked_1.sdf,51231ca2be46ff27718c095beb6f8806234729c81456640d0e6d21d4db4c0c76,60b96462e6d9fab2eae88cef3312b2b753a9b5592e1613fb9654d48408063d1f,OCC1OC(OC2C(CO)OC(O)C(O)C2O)C(O)C(O)C1O,GUBGYTABKSRVRQ-ASMJPISFSA-N,CDGT2_BACCI_28_713_0/1cxf_A_rec_1kcl_mal_lig_tt_docked_1.sdf,official_split_unavailable,False,False,False,False,False,False,,,T_unknown,True,external_main_candidate,Official DiffSBDD/Pocket2Mol split files unavailable; conclusion must remain conservative.
complex_crossdocked_000017,complex_crossdocked_000017,train,RARA_HUMAN_173_420_0,RARA_HUMAN_173_420_0,crossdocked_subset,/home/lyj/mnt/project/clash2feedback_gc/data/raw_complexes/complex_crossdocked_000017/protein.pdb,/home/lyj/mnt/project/clash2feedback_gc/data/raw_complexes/complex_crossdocked_000017/ligand.sdf,RARA_HUMAN_173_420_0/5k13_A_rec_5k13_6q7_lig_tt_docked_0_pocket10.pdb,RARA_HUMAN_173_420_0/5k13_A_rec_5k13_6q7_lig_tt_docked_0_pocket10.pdb,RARA_HUMAN_173_420_0/5k13_A_rec_5k13_6q7_lig_tt_docked_0.sdf,bba313bd9a9f88287ff55eab13d489e7b9fca839b692d19424e294b1eefe972d,1d41bdf5c16dda6c4dbdd31f2be65f6de2789f5180930b2a92eb68e4a2cb018c,CC(C)(C)c1cccc(-c2cc(-c3ccc(C(=O)O)cc3)nn2-c2ccc(S(C)(=O)=O)cc2)c1,HPXXLUZXJROKDE-UHFFFAOYSA-N,RARA_HUMAN_173_420_0/5k13_A_rec_5k13_6q7_lig_tt_docked_0.sdf,official_split_unavailable,False,False,False,False,False,False,,,T_unknown,True,external_main_candidate,Official DiffSBDD/Pocket2Mol split files unavailable; conclusion must remain conservative.
complex_crossdocked_000018,complex_crossdocked_000018,train,RARA_HUMAN_173_420_0,RARA_HUMAN_173_420_0,crossdocked_subset,/home/lyj/mnt/project/clash2feedback_gc/data/raw_complexes/complex_crossdocked_000018/protein.pdb,/home/lyj/mnt/project/clash2feedback_gc/data/raw_complexes/complex_crossdocked_000018/ligand.sdf,RARA_HUMAN_173_420_0/3a9e_B_rec_5k13_6q7_lig_tt_docked_0_pocket10.pdb,RARA_HUMAN_173_420_0/3a9e_B_rec_5k13_6q7_lig_tt_docked_0_pocket10.pdb,RARA_HUMAN_173_420_0/3a9e_B_rec_5k13_6q7_lig_tt_docked_0.sdf,3d75bbb47b9638c976bb98756fc6f78511f9280824339c1e0cd8dc048b9166da,1ac3e422e1a0a173e2eae52e89a17fc010d203921ed1a9cd102114098ee7fb2b,CC(C)(C)c1cccc(-c2cc(-c3ccc(C(=O)O)cc3)nn2-c2ccc(S(C)(=O)=O)cc2)c1,HPXXLUZXJROKDE-UHFFFAOYSA-N,RARA_HUMAN_173_420_0/3a9e_B_rec_5k13_6q7_lig_tt_docked_0.sdf,official_split_unavailable,False,False,False,False,False,False,,,T_unknown,True,external_main_candidate,Official DiffSBDD/Pocket2Mol split files unavailable; conclusion must remain conservative.
complex_crossdocked_000019,complex_crossdocked_000019,train,RARA_HUMAN_173_420_0,RARA_HUMAN_173_420_0,crossdocked_subset,/home/lyj/mnt/project/clash2feedback_gc/data/raw_complexes/complex_crossdocked_000019/protein.pdb,/home/lyj/mnt/project/clash2feedback_gc/data/raw_complexes/complex_crossdocked_000019/ligand.sdf,RARA_HUMAN_173_420_0/3kmr_A_rec_5k13_6q7_lig_tt_docked_0_pocket10.pdb,RARA_HUMAN_173_420_0/3kmr_A_rec_5k13_6q7_lig_tt_docked_0_pocket10.pdb,RARA_HUMAN_173_420_0/3kmr_A_rec_5k13_6q7_lig_tt_docked_0.sdf,6d43969697276cf601aadad651dc58d1e64634302edf2e6b3f10c6f4543dc05b,4042d95a97c33a062775c6cb42c29c828cee52b2fdd27bc57f884eabfb6afc74,CC(C)(C)c1cccc(-c2cc(-c3ccc(C(=O)O)cc3)nn2-c2ccc(S(C)(=O)=O)cc2)c1,HPXXLUZXJROKDE-UHFFFAOYSA-N,RARA_HUMAN_173_420_0/3kmr_A_rec_5k13_6q7_lig_tt_docked_0.sdf,official_split_unavailable,False,False,False,False,False,False,,,T_unknown,True,external_main_candidate,Official DiffSBDD/Pocket2Mol split files unavailable; conclusion must remain conservative.
complex_crossdocked_000020,complex_crossdocked_000020,train,RARA_HUMAN_173_420_0,RARA_HUMAN_173_420_0,crossdocked_subset,/home/lyj/mnt/project/clash2feedback_gc/data/raw_complexes/complex_crossdocked_000020/protein.pdb,/home/lyj/mnt/project/clash2feedback_gc/data/raw_complexes/complex_crossdocked_000020/ligand.sdf,RARA_HUMAN_173_420_0/5k13_A_rec_5k13_6q7_lig_tt_min_0_pocket10.pdb,RARA_HUMAN_173_420_0/5k13_A_rec_5k13_6q7_lig_tt_min_0_pocket10.pdb,RARA_HUMAN_173_420_0/5k13_A_rec_5k13_6q7_lig_tt_min_0.sdf,c00746fe23773967107ccc6420f529efa1c6471e92b0d59a539d4f2ba7b91cde,38986942e4db009f22be1b655adc22645540103b24c548cd61108c81714ac636,CC(C)(C)c1cccc(-c2cc(-c3ccc(C(=O)O)cc3)nn2-c2ccc(S(C)(=O)=O)cc2)c1,HPXXLUZXJROKDE-UHFFFAOYSA-N,RARA_HUMAN_173_420_0/5k13_A_rec_5k13_6q7_lig_tt_min_0.sdf,official_split_unavailable,False,False,False,False,False,False,,,T_unknown,True,external_main_candidate,Official DiffSBDD/Pocket2Mol split files unavailable; conclusion must remain conservative.
complex_crossdocked_000021,complex_crossdocked_000021,test,IPPK_MOUSE_1_468_0,IPPK_MOUSE_1_468_0,crossdocked_subset,/home/lyj/mnt/project/clash2feedback_gc/data/raw_complexes/complex_crossdocked_000021/protein.pdb,/home/lyj/mnt/project/clash2feedback_gc/data/raw_complexes/complex_crossdocked_000021/ligand.sdf,IPPK_MOUSE_1_468_0/5mwm_A_rec_5mwm_i6p_lig_tt_docked_1_pocket10.pdb,IPPK_MOUSE_1_468_0/5mwm_A_rec_5mwm_i6p_lig_tt_docked_1_pocket10.pdb,IPPK_MOUSE_1_468_0/5mwm_A_rec_5mwm_i6p_lig_tt_docked_1.sdf,8efbc206a17053fa22b0ef2724e62e150a2757392cafa1da30a589a987e9385d,48dc0024c5e3cc57fa2d67731bfacc05bddf11167091c9c24dbb43acda5d9945,O=P(O)(O)OC1C(OP(=O)(O)O)C(OP(=O)(O)O)C(OP(=O)(O)O)C(OP(=O)(O)O)C1OP(=O)(O)O,IMQLKJBTEOYOSI-GPIVLXJGSA-N,IPPK_MOUSE_1_468_0/5mwm_A_rec_5mwm_i6p_lig_tt_docked_1.sdf,official_split_unavailable,False,False,False,False,False,False,,,T_unknown,True,external_main_candidate,Official DiffSBDD/Pocket2Mol split files unavailable; conclusion must remain conservative.
complex_crossdocked_000022,complex_crossdocked_000022,test,IPPK_MOUSE_1_468_0,IPPK_MOUSE_1_468_0,crossdocked_subset,/home/lyj/mnt/project/clash2feedback_gc/data/raw_complexes/complex_crossdocked_000022/protein.pdb,/home/lyj/mnt/project/clash2feedback_gc/data/raw_complexes/complex_crossdocked_000022/ligand.sdf,IPPK_MOUSE_1_468_0/5mwm_A_rec_5mw8_5my_lig_tt_docked_1_pocket10.pdb,IPPK_MOUSE_1_468_0/5mwm_A_rec_5mw8_5my_lig_tt_docked_1_pocket10.pdb,IPPK_MOUSE_1_468_0/5mwm_A_rec_5mw8_5my_lig_tt_docked_1.sdf,facfa19a173bf6f8a59698d5099e665d4263197ba0d487565dc52a1aa5dfe0f7,7f991ad5556a22d45b31e525f808932c1ba7eaf2487d7b813bf0af0ec5081ecc,O=P(O)(O)OC1C(O)C(OP(=O)(O)O)C(OP(=O)(O)O)C(OP(=O)(O)O)C1OP(=O)(O)O,CTPQAXVNYGZUAJ-KXXVROSKSA-N,IPPK_MOUSE_1_468_0/5mwm_A_rec_5mw8_5my_lig_tt_docked_1.sdf,official_split_unavailable,False,False,False,False,False,False,,,T_unknown,True,external_main_candidate,Official DiffSBDD/Pocket2Mol split files unavailable; conclusion must remain conservative.
complex_crossdocked_000023,complex_crossdocked_000023,test,IPPK_MOUSE_1_468_0,IPPK_MOUSE_1_468_0,crossdocked_subset,/home/lyj/mnt/project/clash2feedback_gc/data/raw_complexes/complex_crossdocked_000023/protein.pdb,/home/lyj/mnt/project/clash2feedback_gc/data/raw_complexes/complex_crossdocked_000023/ligand.sdf,IPPK_MOUSE_1_468_0/5mw8_A_rec_5mwm_i6p_lig_tt_docked_0_pocket10.pdb,IPPK_MOUSE_1_468_0/5mw8_A_rec_5mwm_i6p_lig_tt_docked_0_pocket10.pdb,IPPK_MOUSE_1_468_0/5mw8_A_rec_5mwm_i6p_lig_tt_docked_0.sdf,2db75f28064920b9c6687b8947ad8e1cbcfb84555cdbf351a3a6c4153ea1377d,f01f25927b0dc63ab7630c2d22d2cc023410250b7334813b3037554e274b1ef9,O=P(O)(O)OC1C(OP(=O)(O)O)C(OP(=O)(O)O)C(OP(=O)(O)O)C(OP(=O)(O)O)C1OP(=O)(O)O,IMQLKJBTEOYOSI-GPIVLXJGSA-N,IPPK_MOUSE_1_468_0/5mw8_A_rec_5mwm_i6p_lig_tt_docked_0.sdf,official_split_unavailable,False,False,False,False,False,False,,,T_unknown,True,external_main_candidate,Official DiffSBDD/Pocket2Mol split files unavailable; conclusion must remain conservative.
complex_crossdocked_000024,complex_crossdocked_000024,test,IPPK_MOUSE_1_468_0,IPPK_MOUSE_1_468_0,crossdocked_subset,/home/lyj/mnt/project/clash2feedback_gc/data/raw_complexes/complex_crossdocked_000024/protein.pdb,/home/lyj/mnt/project/clash2feedback_gc/data/raw_complexes/complex_crossdocked_000024/ligand.sdf,IPPK_MOUSE_1_468_0/5mw8_A_rec_5mw8_5my_lig_tt_docked_0_pocket10.pdb,IPPK_MOUSE_1_468_0/5mw8_A_rec_5mw8_5my_lig_tt_docked_0_pocket10.pdb,IPPK_MOUSE_1_468_0/5mw8_A_rec_5mw8_5my_lig_tt_docked_0.sdf,d55c0e245cb8af9ebd6cf6a8c221622dec85576078548b63fd2ebd7a55697a72,79607376f294840423961f334e90ae9d1cbb9588a3ff7a188bed580359d39a53,O=P(O)(O)OC1C(O)C(OP(=O)(O)O)C(OP(=O)(O)O)C(OP(=O)(O)O)C1OP(=O)(O)O,CTPQAXVNYGZUAJ-KXXVROSKSA-N,IPPK_MOUSE_1_468_0/5mw8_A_rec_5mw8_5my_lig_tt_docked_0.sdf,official_split_unavailable,False,False,False,False,False,False,,,T_unknown,True,external_main_candidate,Official DiffSBDD/Pocket2Mol split files unavailable; conclusion must remain conservative.
complex_crossdocked_000025,complex_crossdocked_000025,test,IPPK_MOUSE_1_468_0,IPPK_MOUSE_1_468_0,crossdocked_subset,/home/lyj/mnt/project/clash2feedback_gc/data/raw_complexes/complex_crossdocked_000025/protein.pdb,/home/lyj/mnt/project/clash2feedback_gc/data/raw_complexes/complex_crossdocked_000025/ligand.sdf,IPPK_MOUSE_1_468_0/5mwm_A_rec_5mwm_i6p_lig_tt_docked_0_pocket10.pdb,IPPK_MOUSE_1_468_0/5mwm_A_rec_5mwm_i6p_lig_tt_docked_0_pocket10.pdb,IPPK_MOUSE_1_468_0/5mwm_A_rec_5mwm_i6p_lig_tt_docked_0.sdf,0f0a6217f58df057a61caab38b332ecbc0fca5aae2d1212a43826fdaa895a545,0181cfe0313b3d58d37d00f361ba507e011bc360b56333af5d0470ad954d2ae4,O=P(O)(O)OC1C(OP(=O)(O)O)C(OP(=O)(O)O)C(OP(=O)(O)O)C(OP(=O)(O)O)C1OP(=O)(O)O,IMQLKJBTEOYOSI-GPIVLXJGSA-N,IPPK_MOUSE_1_468_0/5mwm_A_rec_5mwm_i6p_lig_tt_docked_0.sdf,official_split_unavailable,False,False,False,False,False,False,,,T_unknown,True,external_main_candidate,Official DiffSBDD/Pocket2Mol split files unavailable; conclusion must remain conservative.
complex_crossdocked_000026,complex_crossdocked_000026,val,RIP1_MOMCH_24_270_0,RIP1_MOMCH_24_270_0,crossdocked_subset,/home/lyj/mnt/project/clash2feedback_gc/data/raw_complexes/complex_crossdocked_000026/protein.pdb,/home/lyj/mnt/project/clash2feedback_gc/data/raw_complexes/complex_crossdocked_000026/ligand.sdf,RIP1_MOMCH_24_270_0/4h0z_A_rec_3nx9_mal_lig_tt_docked_4_pocket10.pdb,RIP1_MOMCH_24_270_0/4h0z_A_rec_3nx9_mal_lig_tt_docked_4_pocket10.pdb,RIP1_MOMCH_24_270_0/4h0z_A_rec_3nx9_mal_lig_tt_docked_4.sdf,27fede0c6177e1a1a93d9a82d258052157f2d10fd7c983b47c47d1ab2f397e5d,076cb321d4ce073f283c77ec7e6535a7ffd97330cc8b1c8333da9d400e653274,OCC1OC(OC2C(CO)OC(O)C(O)C2O)C(O)C(O)C1O,GUBGYTABKSRVRQ-ASMJPISFSA-N,RIP1_MOMCH_24_270_0/4h0z_A_rec_3nx9_mal_lig_tt_docked_4.sdf,official_split_unavailable,False,False,False,False,False,False,,,T_unknown,True,external_main_candidate,Official DiffSBDD/Pocket2Mol split files unavailable; conclusion must remain conservative.
complex_crossdocked_000027,complex_crossdocked_000027,val,RIP1_MOMCH_24_270_0,RIP1_MOMCH_24_270_0,crossdocked_subset,/home/lyj/mnt/project/clash2feedback_gc/data/raw_complexes/complex_crossdocked_000027/protein.pdb,/home/lyj/mnt/project/clash2feedback_gc/data/raw_complexes/complex_crossdocked_000027/ligand.sdf,RIP1_MOMCH_24_270_0/1mri_A_rec_3nx9_mal_lig_tt_min_0_pocket10.pdb,RIP1_MOMCH_24_270_0/1mri_A_rec_3nx9_mal_lig_tt_min_0_pocket10.pdb,RIP1_MOMCH_24_270_0/1mri_A_rec_3nx9_mal_lig_tt_min_0.sdf,0268eb4641b20232ac7a25a98dedc225dd926a977644038ee2e0779908d8b96a,78d3250357c54527975a5cfa1a585a2d21ccffe61430a5bd9c2a110763af99ca,OCC1OC(OC2C(CO)OC(O)C(O)C2O)C(O)C(O)C1O,GUBGYTABKSRVRQ-ASMJPISFSA-N,RIP1_MOMCH_24_270_0/1mri_A_rec_3nx9_mal_lig_tt_min_0.sdf,official_split_unavailable,False,False,False,False,False,False,,,T_unknown,True,external_main_candidate,Official DiffSBDD/Pocket2Mol split files unavailable; conclusion must remain conservative.
complex_crossdocked_000028,complex_crossdocked_000028,val,RIP1_MOMCH_24_270_0,RIP1_MOMCH_24_270_0,crossdocked_subset,/home/lyj/mnt/project/clash2feedback_gc/data/raw_complexes/complex_crossdocked_000028/protein.pdb,/home/lyj/mnt/project/clash2feedback_gc/data/raw_complexes/complex_crossdocked_000028/ligand.sdf,RIP1_MOMCH_24_270_0/4lwx_A_rec_3nx9_mal_lig_tt_docked_5_pocket10.pdb,RIP1_MOMCH_24_270_0/4lwx_A_rec_3nx9_mal_lig_tt_docked_5_pocket10.pdb,RIP1_MOMCH_24_270_0/4lwx_A_rec_3nx9_mal_lig_tt_docked_5.sdf,f3f0635d8b0c48ba573dee043163c62d3d406f1e7e53bed0764f6fef2917d58c,eda93a80effba4d99f30552c7cfc2550ce102355ab41d599189a7674444eb305,OCC1OC(OC2C(CO)OC(O)C(O)C2O)C(O)C(O)C1O,GUBGYTABKSRVRQ-ASMJPISFSA-N,RIP1_MOMCH_24_270_0/4lwx_A_rec_3nx9_mal_lig_tt_docked_5.sdf,official_split_unavailable,False,False,False,False,False,False,,,T_unknown,True,external_main_candidate,Official DiffSBDD/Pocket2Mol split files unavailable; conclusion must remain conservative.
complex_crossdocked_000029,complex_crossdocked_000029,train,ODP1_ECOLI_2_887_0,ODP1_ECOLI_2_887_0,crossdocked_subset,/home/lyj/mnt/project/clash2feedback_gc/data/raw_complexes/complex_crossdocked_000029/protein.pdb,/home/lyj/mnt/project/clash2feedback_gc/data/raw_complexes/complex_crossdocked_000029/ligand.sdf,ODP1_ECOLI_2_887_0/2g28_B_rec_2g28_tdk_lig_tt_min_0_pocket10.pdb,ODP1_ECOLI_2_887_0/2g28_B_rec_2g28_tdk_lig_tt_min_0_pocket10.pdb,ODP1_ECOLI_2_887_0/2g28_B_rec_2g28_tdk_lig_tt_min_0.sdf,8ff5fba368cfad69d887d414fef3c133e92ee25e5b78c0a6df29b4015db8cc7f,37e7f6d904b3475b8b5a5e59505e95aa9270e69cd1d741273641abec5db6c370,COP(=O)(O)C(C)(O)C1SC(CCOP(=O)(O)OP(=O)(O)O)=C(C)N1Cc1cnc(C)nc1N,MOXFWCCZUAUTCV-CABCVRRESA-N,ODP1_ECOLI_2_887_0/2g28_B_rec_2g28_tdk_lig_tt_min_0.sdf,official_split_unavailable,False,False,False,False,False,False,,,T_unknown,True,external_main_candidate,Official DiffSBDD/Pocket2Mol split files unavailable; conclusion must remain conservative.
complex_crossdocked_000030,complex_crossdocked_000030,train,ODP1_ECOLI_2_887_0,ODP1_ECOLI_2_887_0,crossdocked_subset,/home/lyj/mnt/project/clash2feedback_gc/data/raw_complexes/complex_crossdocked_000030/protein.pdb,/home/lyj/mnt/project/clash2feedback_gc/data/raw_complexes/complex_crossdocked_000030/ligand.sdf,ODP1_ECOLI_2_887_0/2g28_B_rec_2g28_tdk_lig_tt_docked_0_pocket10.pdb,ODP1_ECOLI_2_887_0/2g28_B_rec_2g28_tdk_lig_tt_docked_0_pocket10.pdb,ODP1_ECOLI_2_887_0/2g28_B_rec_2g28_tdk_lig_tt_docked_0.sdf,eb48e786bcf6634fb23940ebb071d3f5050cfed1d629468059079e7b63e5a372,09c9f5aeaf1ed4d98a040afc94758eb7e91da0fa9d1c5f5f556c93f95ad2b207,COP(=O)(O)C(C)(O)C1SC(CCOP(=O)(O)OP(=O)(O)O)=C(C)N1Cc1cnc(C)nc1N,MOXFWCCZUAUTCV-CABCVRRESA-N,ODP1_ECOLI_2_887_0/2g28_B_rec_2g28_tdk_lig_tt_docked_0.sdf,official_split_unavailable,False,False,False,False,False,False,,,T_unknown,True,external_main_candidate,Official DiffSBDD/Pocket2Mol split files unavailable; conclusion must remain conservative.
complex_crossdocked_000031,complex_crossdocked_000031,train,SMYD2_HUMAN_2_433_0,SMYD2_HUMAN_2_433_0,crossdocked_subset,/home/lyj/mnt/project/clash2feedback_gc/data/raw_complexes/complex_crossdocked_000031/protein.pdb,/home/lyj/mnt/project/clash2feedback_gc/data/raw_complexes/complex_crossdocked_000031/ligand.sdf,SMYD2_HUMAN_2_433_0/4wuy_A_rec_5arf_i9h_lig_tt_docked_6_pocket10.pdb,SMYD2_HUMAN_2_433_0/4wuy_A_rec_5arf_i9h_lig_tt_docked_6_pocket10.pdb,SMYD2_HUMAN_2_433_0/4wuy_A_rec_5arf_i9h_lig_tt_docked_6.sdf,49f5fb5c1c7b31f5ef0be5c6c1e49dbc764f9f25903da8ce1bd71237e63bd6f1,666e58e1c5336a52cda74025b5faa43451a18e2aaf598d32d736446601819b57,CCN(C(=O)CO)C1CN(C(=NC#N)Nc2cccc(OC(F)F)c2)N=C1c1ccc(Cl)cc1,GZPIECMFJJLDAB-SFHVURJKSA-N,SMYD2_HUMAN_2_433_0/4wuy_A_rec_5arf_i9h_lig_tt_docked_6.sdf,official_split_unavailable,False,False,False,False,False,False,,,T_unknown,True,external_main_candidate,Official DiffSBDD/Pocket2Mol split files unavailable; conclusion must remain conservative.
complex_crossdocked_000032,complex_crossdocked_000032,train,SMYD2_HUMAN_2_433_0,SMYD2_HUMAN_2_433_0,crossdocked_subset,/home/lyj/mnt/project/clash2feedback_gc/data/raw_complexes/complex_crossdocked_000032/protein.pdb,/home/lyj/mnt/project/clash2feedback_gc/data/raw_complexes/complex_crossdocked_000032/ligand.sdf,SMYD2_HUMAN_2_433_0/5arf_A_rec_5arf_i9h_lig_tt_docked_1_pocket10.pdb,SMYD2_HUMAN_2_433_0/5arf_A_rec_5arf_i9h_lig_tt_docked_1_pocket10.pdb,SMYD2_HUMAN_2_433_0/5arf_A_rec_5arf_i9h_lig_tt_docked_1.sdf,d2ba07cff47a2305070c4ddfd4a358b8a89220057b7ffa5df54b79d9695e7dd3,f1c51e9976764bc4436ed39db16ac46652712b4dbce2580398bb3c8a5960ca9a,CCN(C(=O)CO)C1CN(C(=NC#N)Nc2cccc(OC(F)F)c2)N=C1c1ccc(Cl)cc1,GZPIECMFJJLDAB-SFHVURJKSA-N,SMYD2_HUMAN_2_433_0/5arf_A_rec_5arf_i9h_lig_tt_docked_1.sdf,official_split_unavailable,False,False,False,False,False,False,,,T_unknown,True,external_main_candidate,Official DiffSBDD/Pocket2Mol split files unavailable; conclusion must remain conservative.
complex_crossdocked_000033,complex_crossdocked_000033,train,SMYD2_HUMAN_2_433_0,SMYD2_HUMAN_2_433_0,crossdocked_subset,/home/lyj/mnt/project/clash2feedback_gc/data/raw_complexes/complex_crossdocked_000033/protein.pdb,/home/lyj/mnt/project/clash2feedback_gc/data/raw_complexes/complex_crossdocked_000033/ligand.sdf,SMYD2_HUMAN_2_433_0/3qwv_A_rec_5arf_i9h_lig_tt_docked_6_pocket10.pdb,SMYD2_HUMAN_2_433_0/3qwv_A_rec_5arf_i9h_lig_tt_docked_6_pocket10.pdb,SMYD2_HUMAN_2_433_0/3qwv_A_rec_5arf_i9h_lig_tt_docked_6.sdf,48f10755054cdb431f942978b5fb08e44e59b5922d03db213f5063d58e797879,5f382137686e979bd9f56ecdad91f0c71b92c873a968d9365cddbd9ddf94215d,CCN(C(=O)CO)C1CN(C(=NC#N)Nc2cccc(OC(F)F)c2)N=C1c1ccc(Cl)cc1,GZPIECMFJJLDAB-SFHVURJKSA-N,SMYD2_HUMAN_2_433_0/3qwv_A_rec_5arf_i9h_lig_tt_docked_6.sdf,official_split_unavailable,False,False,False,False,False,False,,,T_unknown,True,external_main_candidate,Official DiffSBDD/Pocket2Mol split files unavailable; conclusion must remain conservative.
complex_crossdocked_000034,complex_crossdocked_000034,train,SMYD2_HUMAN_2_433_0,SMYD2_HUMAN_2_433_0,crossdocked_subset,/home/lyj/mnt/project/clash2feedback_gc/data/raw_complexes/complex_crossdocked_000034/protein.pdb,/home/lyj/mnt/project/clash2feedback_gc/data/raw_complexes/complex_crossdocked_000034/ligand.sdf,SMYD2_HUMAN_2_433_0/5arf_A_rec_5arg_h41_lig_tt_min_0_pocket10.pdb,SMYD2_HUMAN_2_433_0/5arf_A_rec_5arg_h41_lig_tt_min_0_pocket10.pdb,SMYD2_HUMAN_2_433_0/5arf_A_rec_5arg_h41_lig_tt_min_0.sdf,cf4711653e48b34471941ccfcf99552e67519bdfafac7b29b385326774affc51,25f6a89355a7b81512fa8227eef75a5104e54b03393ab1dd1153eb1ff2987ec5,CCN(C(=O)CO)C1CN(C(=NC#N)Nc2cccc(OC(F)F)c2)N=C1c1ccc(Cl)c(Cl)c1,OTTJIRVZJJGFTK-SFHVURJKSA-N,SMYD2_HUMAN_2_433_0/5arf_A_rec_5arg_h41_lig_tt_min_0.sdf,official_split_unavailable,False,False,False,False,False,False,,,T_unknown,True,external_main_candidate,Official DiffSBDD/Pocket2Mol split files unavailable; conclusion must remain conservative.
complex_crossdocked_000035,complex_crossdocked_000035,train,SMYD2_HUMAN_2_433_0,SMYD2_HUMAN_2_433_0,crossdocked_subset,/home/lyj/mnt/project/clash2feedback_gc/data/raw_complexes/complex_crossdocked_000035/protein.pdb,/home/lyj/mnt/project/clash2feedback_gc/data/raw_complexes/complex_crossdocked_000035/ligand.sdf,SMYD2_HUMAN_2_433_0/5arf_A_rec_5arf_i9h_lig_tt_min_0_pocket10.pdb,SMYD2_HUMAN_2_433_0/5arf_A_rec_5arf_i9h_lig_tt_min_0_pocket10.pdb,SMYD2_HUMAN_2_433_0/5arf_A_rec_5arf_i9h_lig_tt_min_0.sdf,1ad9ffbc7aeae1c893f3a341bc5e46a755b8011024c76af3d69ca2ad45574d4f,a66ae67484b848791489cb291480e12511550f03a72fe3cb15bde0e7430dca4d,CCN(C(=O)CO)C1CN(C(=NC#N)Nc2cccc(OC(F)F)c2)N=C1c1ccc(Cl)cc1,GZPIECMFJJLDAB-SFHVURJKSA-N,SMYD2_HUMAN_2_433_0/5arf_A_rec_5arf_i9h_lig_tt_min_0.sdf,official_split_unavailable,False,False,False,False,False,False,,,T_unknown,True,external_main_candidate,Official DiffSBDD/Pocket2Mol split files unavailable; conclusion must remain conservative.
complex_crossdocked_000036,complex_crossdocked_000036,train,SMYD2_HUMAN_2_433_0,SMYD2_HUMAN_2_433_0,crossdocked_subset,/home/lyj/mnt/project/clash2feedback_gc/data/raw_complexes/complex_crossdocked_000036/protein.pdb,/home/lyj/mnt/project/clash2feedback_gc/data/raw_complexes/complex_crossdocked_000036/ligand.sdf,SMYD2_HUMAN_2_433_0/5arg_A_rec_5arf_i9h_lig_tt_docked_0_pocket10.pdb,SMYD2_HUMAN_2_433_0/5arg_A_rec_5arf_i9h_lig_tt_docked_0_pocket10.pdb,SMYD2_HUMAN_2_433_0/5arg_A_rec_5arf_i9h_lig_tt_docked_0.sdf,b9cb01906b562c4b84f832a4bde7247e383305baa2642341e90c1c783500d604,5d95f779d3f418df2138a555f6782ebd43776a64573d74a4b7c37a8b4c378175,CCN(C(=O)CO)C1CN(C(=NC#N)Nc2cccc(OC(F)F)c2)N=C1c1ccc(Cl)cc1,GZPIECMFJJLDAB-SFHVURJKSA-N,SMYD2_HUMAN_2_433_0/5arg_A_rec_5arf_i9h_lig_tt_docked_0.sdf,official_split_unavailable,False,False,False,False,False,False,,,T_unknown,True,external_main_candidate,Official DiffSBDD/Pocket2Mol split files unavailable; conclusion must remain conservative.
complex_crossdocked_000037,complex_crossdocked_000037,train,SMYD2_HUMAN_2_433_0,SMYD2_HUMAN_2_433_0,crossdocked_subset,/home/lyj/mnt/project/clash2feedback_gc/data/raw_complexes/complex_crossdocked_000037/protein.pdb,/home/lyj/mnt/project/clash2feedback_gc/data/raw_complexes/complex_crossdocked_000037/ligand.sdf,SMYD2_HUMAN_2_433_0/5arg_A_rec_5arg_h41_lig_tt_docked_1_pocket10.pdb,SMYD2_HUMAN_2_433_0/5arg_A_rec_5arg_h41_lig_tt_docked_1_pocket10.pdb,SMYD2_HUMAN_2_433_0/5arg_A_rec_5arg_h41_lig_tt_docked_1.sdf,0cb47f56708ba3c4c3d81c445ffba1d9ca0549b6503cbb7dd681caf47ee1781e,e3553291e4800cee07c9bf0ddc391fd2f8a9386248c6b185c10095ae49c20272,CCN(C(=O)CO)C1CN(C(=NC#N)Nc2cccc(OC(F)F)c2)N=C1c1ccc(Cl)c(Cl)c1,OTTJIRVZJJGFTK-SFHVURJKSA-N,SMYD2_HUMAN_2_433_0/5arg_A_rec_5arg_h41_lig_tt_docked_1.sdf,official_split_unavailable,False,False,False,False,False,False,,,T_unknown,True,external_main_candidate,Official DiffSBDD/Pocket2Mol split files unavailable; conclusion must remain conservative.
complex_crossdocked_000038,complex_crossdocked_000038,train,SMYD2_HUMAN_2_433_0,SMYD2_HUMAN_2_433_0,crossdocked_subset,/home/lyj/mnt/project/clash2feedback_gc/data/raw_complexes/complex_crossdocked_000038/protein.pdb,/home/lyj/mnt/project/clash2feedback_gc/data/raw_complexes/complex_crossdocked_000038/ligand.sdf,SMYD2_HUMAN_2_433_0/3s7b_A_rec_5arf_i9h_lig_tt_min_0_pocket10.pdb,SMYD2_HUMAN_2_433_0/3s7b_A_rec_5arf_i9h_lig_tt_min_0_pocket10.pdb,SMYD2_HUMAN_2_433_0/3s7b_A_rec_5arf_i9h_lig_tt_min_0.sdf,5e8189f9b86ee645917733f8303abdca268b64941db9d3c9459a88acd0367074,559daca2ab49b14e2ad3e4622a22e72e0873584e8eb13f7a725b8d4b2d892620,CCN(C(=O)CO)C1CN(C(=NC#N)Nc2cccc(OC(F)F)c2)N=C1c1ccc(Cl)cc1,GZPIECMFJJLDAB-SFHVURJKSA-N,SMYD2_HUMAN_2_433_0/3s7b_A_rec_5arf_i9h_lig_tt_min_0.sdf,official_split_unavailable,False,False,False,False,False,False,,,T_unknown,True,external_main_candidate,Official DiffSBDD/Pocket2Mol split files unavailable; conclusion must remain conservative.
complex_crossdocked_000039,complex_crossdocked_000039,train,SMYD2_HUMAN_2_433_0,SMYD2_HUMAN_2_433_0,crossdocked_subset,/home/lyj/mnt/project/clash2feedback_gc/data/raw_complexes/complex_crossdocked_000039/protein.pdb,/home/lyj/mnt/project/clash2feedback_gc/data/raw_complexes/complex_crossdocked_000039/ligand.sdf,SMYD2_HUMAN_2_433_0/3qwv_A_rec_5arf_i9h_lig_tt_min_0_pocket10.pdb,SMYD2_HUMAN_2_433_0/3qwv_A_rec_5arf_i9h_lig_tt_min_0_pocket10.pdb,SMYD2_HUMAN_2_433_0/3qwv_A_rec_5arf_i9h_lig_tt_min_0.sdf,b915b77a0ead9cc48c7bb4b1975f05f21c8c8d346ff15b4beb67fca25dd8613b,a80d9c49bb6e22ca469700c7036e8a80a3f93b151f80b6b9c0abbbf1ced45661,CCN(C(=O)CO)C1CN(C(=NC#N)Nc2cccc(OC(F)F)c2)N=C1c1ccc(Cl)cc1,GZPIECMFJJLDAB-SFHVURJKSA-N,SMYD2_HUMAN_2_433_0/3qwv_A_rec_5arf_i9h_lig_tt_min_0.sdf,official_split_unavailable,False,False,False,False,False,False,,,T_unknown,True,external_main_candidate,Official DiffSBDD/Pocket2Mol split files unavailable; conclusion must remain conservative.
complex_crossdocked_000040,complex_crossdocked_000040,train,SMYD2_HUMAN_2_433_0,SMYD2_HUMAN_2_433_0,crossdocked_subset,/home/lyj/mnt/project/clash2feedback_gc/data/raw_complexes/complex_crossdocked_000040/protein.pdb,/home/lyj/mnt/project/clash2feedback_gc/data/raw_complexes/complex_crossdocked_000040/ligand.sdf,SMYD2_HUMAN_2_433_0/5kjk_A_rec_5arf_i9h_lig_tt_docked_4_pocket10.pdb,SMYD2_HUMAN_2_433_0/5kjk_A_rec_5arf_i9h_lig_tt_docked_4_pocket10.pdb,SMYD2_HUMAN_2_433_0/5kjk_A_rec_5arf_i9h_lig_tt_docked_4.sdf,d3af2d790a40028659d6c5974e94c81a7a8f1fe6593f01aeb35a7233976ee560,cf9b4dac09eac55a58cc4b9e94123887b3bc77193bf0e31b522ed02f37bad8cf,CCN(C(=O)CO)C1CN(C(=NC#N)Nc2cccc(OC(F)F)c2)N=C1c1ccc(Cl)cc1,GZPIECMFJJLDAB-SFHVURJKSA-N,SMYD2_HUMAN_2_433_0/5kjk_A_rec_5arf_i9h_lig_tt_docked_4.sdf,official_split_unavailable,False,False,False,False,False,False,,,T_unknown,True,external_main_candidate,Official DiffSBDD/Pocket2Mol split files unavailable; conclusion must remain conservative.
complex_crossdocked_000041,complex_crossdocked_000041,train,SMYD2_HUMAN_2_433_0,SMYD2_HUMAN_2_433_0,crossdocked_subset,/home/lyj/mnt/project/clash2feedback_gc/data/raw_complexes/complex_crossdocked_000041/protein.pdb,/home/lyj/mnt/project/clash2feedback_gc/data/raw_complexes/complex_crossdocked_000041/ligand.sdf,SMYD2_HUMAN_2_433_0/5arg_A_rec_5arg_h41_lig_tt_min_0_pocket10.pdb,SMYD2_HUMAN_2_433_0/5arg_A_rec_5arg_h41_lig_tt_min_0_pocket10.pdb,SMYD2_HUMAN_2_433_0/5arg_A_rec_5arg_h41_lig_tt_min_0.sdf,4b85dc880b3fd55cdca74682f715fc79dce3d3628232170643580e00de56a150,acf3c212b5141bdb347a01baa6589668dd4b3d5f97befcffddd60d320640937c,CCN(C(=O)CO)C1CN(C(=NC#N)Nc2cccc(OC(F)F)c2)N=C1c1ccc(Cl)c(Cl)c1,OTTJIRVZJJGFTK-SFHVURJKSA-N,SMYD2_HUMAN_2_433_0/5arg_A_rec_5arg_h41_lig_tt_min_0.sdf,official_split_unavailable,False,False,False,False,False,False,,,T_unknown,True,external_main_candidate,Official DiffSBDD/Pocket2Mol split files unavailable; conclusion must remain conservative.
complex_crossdocked_000042,complex_crossdocked_000042,train,SMYD2_HUMAN_2_433_0,SMYD2_HUMAN_2_433_0,crossdocked_subset,/home/lyj/mnt/project/clash2feedback_gc/data/raw_complexes/complex_crossdocked_000042/protein.pdb,/home/lyj/mnt/project/clash2feedback_gc/data/raw_complexes/complex_crossdocked_000042/ligand.sdf,SMYD2_HUMAN_2_433_0/4wuy_A_rec_5arg_h41_lig_tt_min_0_pocket10.pdb,SMYD2_HUMAN_2_433_0/4wuy_A_rec_5arg_h41_lig_tt_min_0_pocket10.pdb,SMYD2_HUMAN_2_433_0/4wuy_A_rec_5arg_h41_lig_tt_min_0.sdf,39097f5af136ceab813200387562c6e1a759488c5e7d65d98f46c2296b5826d0,41a16f5e40a6ed84ce7cf3a97ff2a378529c583843be4bb045f1a60bbfc5295a,CCN(C(=O)CO)C1CN(C(=NC#N)Nc2cccc(OC(F)F)c2)N=C1c1ccc(Cl)c(Cl)c1,OTTJIRVZJJGFTK-SFHVURJKSA-N,SMYD2_HUMAN_2_433_0/4wuy_A_rec_5arg_h41_lig_tt_min_0.sdf,official_split_unavailable,False,False,False,False,False,False,,,T_unknown,True,external_main_candidate,Official DiffSBDD/Pocket2Mol split files unavailable; conclusion must remain conservative.
complex_crossdocked_000043,complex_crossdocked_000043,train,SMYD2_HUMAN_2_433_0,SMYD2_HUMAN_2_433_0,crossdocked_subset,/home/lyj/mnt/project/clash2feedback_gc/data/raw_complexes/complex_crossdocked_000043/protein.pdb,/home/lyj/mnt/project/clash2feedback_gc/data/raw_complexes/complex_crossdocked_000043/ligand.sdf,SMYD2_HUMAN_2_433_0/5arf_A_rec_5arg_h41_lig_tt_docked_1_pocket10.pdb,SMYD2_HUMAN_2_433_0/5arf_A_rec_5arg_h41_lig_tt_docked_1_pocket10.pdb,SMYD2_HUMAN_2_433_0/5arf_A_rec_5arg_h41_lig_tt_docked_1.sdf,240cf63b2935585b8fea11a5bd5dc0dabcc2de29c5a2b3b91b66c95fd2a203f3,320b30ce03527ff7f00e75b4d3e2e3b533edc794740826fd4bcf3c515bd2bf14,CCN(C(=O)CO)C1CN(C(=NC#N)Nc2cccc(OC(F)F)c2)N=C1c1ccc(Cl)c(Cl)c1,OTTJIRVZJJGFTK-SFHVURJKSA-N,SMYD2_HUMAN_2_433_0/5arf_A_rec_5arg_h41_lig_tt_docked_1.sdf,official_split_unavailable,False,False,False,False,False,False,,,T_unknown,True,external_main_candidate,Official DiffSBDD/Pocket2Mol split files unavailable; conclusion must remain conservative.
complex_crossdocked_000044,complex_crossdocked_000044,train,SMYD2_HUMAN_2_433_0,SMYD2_HUMAN_2_433_0,crossdocked_subset,/home/lyj/mnt/project/clash2feedback_gc/data/raw_complexes/complex_crossdocked_000044/protein.pdb,/home/lyj/mnt/project/clash2feedback_gc/data/raw_complexes/complex_crossdocked_000044/ligand.sdf,SMYD2_HUMAN_2_433_0/5kjm_A_rec_5arg_h41_lig_tt_min_0_pocket10.pdb,SMYD2_HUMAN_2_433_0/5kjm_A_rec_5arg_h41_lig_tt_min_0_pocket10.pdb,SMYD2_HUMAN_2_433_0/5kjm_A_rec_5arg_h41_lig_tt_min_0.sdf,2ccfc7cc35a5ec7086dbd8c80a3825c93dd1917b8fb1d426319781a57824ba7c,2f89fe3d77d63a32d57fbf5ee3ffbd5143d34d9ed16454898d00b9cca648ea13,CCN(C(=O)CO)C1CN(C(=NC#N)Nc2cccc(OC(F)F)c2)N=C1c1ccc(Cl)c(Cl)c1,OTTJIRVZJJGFTK-SFHVURJKSA-N,SMYD2_HUMAN_2_433_0/5kjm_A_rec_5arg_h41_lig_tt_min_0.sdf,official_split_unavailable,False,False,False,False,False,False,,,T_unknown,True,external_main_candidate,Official DiffSBDD/Pocket2Mol split files unavailable; conclusion must remain conservative.
complex_crossdocked_000045,complex_crossdocked_000045,train,SMYD2_HUMAN_2_433_0,SMYD2_HUMAN_2_433_0,crossdocked_subset,/home/lyj/mnt/project/clash2feedback_gc/data/raw_complexes/complex_crossdocked_000045/protein.pdb,/home/lyj/mnt/project/clash2feedback_gc/data/raw_complexes/complex_crossdocked_000045/ligand.sdf,SMYD2_HUMAN_2_433_0/3s7b_A_rec_5arg_h41_lig_tt_min_0_pocket10.pdb,SMYD2_HUMAN_2_433_0/3s7b_A_rec_5arg_h41_lig_tt_min_0_pocket10.pdb,SMYD2_HUMAN_2_433_0/3s7b_A_rec_5arg_h41_lig_tt_min_0.sdf,d29a9088d432043243e8ecc36f3f18415f879e150b71d2942b3ac16a41e8d951,329c3c8117797724e8c4da6ff1fe1b89f66e9a3ac263736e7acbea469e5b9350,CCN(C(=O)CO)C1CN(C(=NC#N)Nc2cccc(OC(F)F)c2)N=C1c1ccc(Cl)c(Cl)c1,OTTJIRVZJJGFTK-SFHVURJKSA-N,SMYD2_HUMAN_2_433_0/3s7b_A_rec_5arg_h41_lig_tt_min_0.sdf,official_split_unavailable,False,False,False,False,False,False,,,T_unknown,True,external_main_candidate,Official DiffSBDD/Pocket2Mol split files unavailable; conclusion must remain conservative.
complex_crossdocked_000046,complex_crossdocked_000046,train,SMYD2_HUMAN_2_433_0,SMYD2_HUMAN_2_433_0,crossdocked_subset,/home/lyj/mnt/project/clash2feedback_gc/data/raw_complexes/complex_crossdocked_000046/protein.pdb,/home/lyj/mnt/project/clash2feedback_gc/data/raw_complexes/complex_crossdocked_000046/ligand.sdf,SMYD2_HUMAN_2_433_0/3tg4_A_rec_5arg_h41_lig_tt_docked_7_pocket10.pdb,SMYD2_HUMAN_2_433_0/3tg4_A_rec_5arg_h41_lig_tt_docked_7_pocket10.pdb,SMYD2_HUMAN_2_433_0/3tg4_A_rec_5arg_h41_lig_tt_docked_7.sdf,047d8b6780b09bcf290808073c4daac5844c688750dd637e09bbb731b1a34a0d,d5706b22afcd6bb5def59ef5e66a33441c54070c82738f5ef0cc9eb4db7ddfbc,CCN(C(=O)CO)C1CN(C(=NC#N)Nc2cccc(OC(F)F)c2)N=C1c1ccc(Cl)c(Cl)c1,OTTJIRVZJJGFTK-SFHVURJKSA-N,SMYD2_HUMAN_2_433_0/3tg4_A_rec_5arg_h41_lig_tt_docked_7.sdf,official_split_unavailable,False,False,False,False,False,False,,,T_unknown,True,external_main_candidate,Official DiffSBDD/Pocket2Mol split files unavailable; conclusion must remain conservative.
complex_crossdocked_000047,complex_crossdocked_000047,train,SMYD2_HUMAN_2_433_0,SMYD2_HUMAN_2_433_0,crossdocked_subset,/home/lyj/mnt/project/clash2feedback_gc/data/raw_complexes/complex_crossdocked_000047/protein.pdb,/home/lyj/mnt/project/clash2feedback_gc/data/raw_complexes/complex_crossdocked_000047/ligand.sdf,SMYD2_HUMAN_2_433_0/4ynd_A_rec_5arf_i9h_lig_tt_docked_1_pocket10.pdb,SMYD2_HUMAN_2_433_0/4ynd_A_rec_5arf_i9h_lig_tt_docked_1_pocket10.pdb,SMYD2_HUMAN_2_433_0/4ynd_A_rec_5arf_i9h_lig_tt_docked_1.sdf,5f77b969411033fd5c2c67adf9e72bfec91f946f967e01c58d0f034f0434b69e,a429c91ca1289dbe59e0d8ab04320796f1c296f5e3b272a229e9305dea69eec9,CCN(C(=O)CO)C1CN(C(=NC#N)Nc2cccc(OC(F)F)c2)N=C1c1ccc(Cl)cc1,GZPIECMFJJLDAB-SFHVURJKSA-N,SMYD2_HUMAN_2_433_0/4ynd_A_rec_5arf_i9h_lig_tt_docked_1.sdf,official_split_unavailable,False,False,False,False,False,False,,,T_unknown,True,external_main_candidate,Official DiffSBDD/Pocket2Mol split files unavailable; conclusion must remain conservative.
complex_crossdocked_000048,complex_crossdocked_000048,train,HEPB_PEDHD_25_772_0,HEPB_PEDHD_25_772_0,crossdocked_subset,/home/lyj/mnt/project/clash2feedback_gc/data/raw_complexes/complex_crossdocked_000048/protein.pdb,/home/lyj/mnt/project/clash2feedback_gc/data/raw_complexes/complex_crossdocked_000048/ligand.sdf,HEPB_PEDHD_25_772_0/2fuq_A_rec_3e80_hs2_lig_tt_docked_0_pocket10.pdb,HEPB_PEDHD_25_772_0/2fuq_A_rec_3e80_hs2_lig_tt_docked_0_pocket10.pdb,HEPB_PEDHD_25_772_0/2fuq_A_rec_3e80_hs2_lig_tt_docked_0.sdf,a446e19f7d93d4a8969faf1535977711ae4eb9ef38838dc7732001ef87bf8f1e,372e261aad5edc4dbb442f715e914e76b5c289475b233e80b9534e1e432786a3,CC(O)NC1C(O)OC(CO)C(OC2OC(C(=O)O)CC(O)C2O)C1O,HNUUUKKFJXFYSD-MPYAPPJUSA-N,HEPB_PEDHD_25_772_0/2fuq_A_rec_3e80_hs2_lig_tt_docked_0.sdf,official_split_unavailable,False,False,False,False,False,False,,,T_unknown,True,external_main_candidate,Official DiffSBDD/Pocket2Mol split files unavailable; conclusion must remain conservative.
complex_crossdocked_000049,complex_crossdocked_000049,train,HEPB_PEDHD_25_772_0,HEPB_PEDHD_25_772_0,crossdocked_subset,/home/lyj/mnt/project/clash2feedback_gc/data/raw_complexes/complex_crossdocked_000049/protein.pdb,/home/lyj/mnt/project/clash2feedback_gc/data/raw_complexes/complex_crossdocked_000049/ligand.sdf,HEPB_PEDHD_25_772_0/2fuq_A_rec_3e80_hs2_lig_tt_min_0_pocket10.pdb,HEPB_PEDHD_25_772_0/2fuq_A_rec_3e80_hs2_lig_tt_min_0_pocket10.pdb,HEPB_PEDHD_25_772_0/2fuq_A_rec_3e80_hs2_lig_tt_min_0.sdf,7b90b0816e721d6aec8df06e3edb1cc307a76203ad3b34d795a277299cdfb76d,74338000573a7879380ab04cb694cbc919208918673b6d59fab91a4dc1fe2b5c,CC(O)NC1C(O)OC(CO)C(OC2OC(C(=O)O)CC(O)C2O)C1O,HNUUUKKFJXFYSD-MPYAPPJUSA-N,HEPB_PEDHD_25_772_0/2fuq_A_rec_3e80_hs2_lig_tt_min_0.sdf,official_split_unavailable,False,False,False,False,False,False,,,T_unknown,True,external_main_candidate,Official DiffSBDD/Pocket2Mol split files unavailable; conclusion must remain conservative.
complex_crossdocked_000050,complex_crossdocked_000050,train,HEPB_PEDHD_25_772_0,HEPB_PEDHD_25_772_0,crossdocked_subset,/home/lyj/mnt/project/clash2feedback_gc/data/raw_complexes/complex_crossdocked_000050/protein.pdb,/home/lyj/mnt/project/clash2feedback_gc/data/raw_complexes/complex_crossdocked_000050/ligand.sdf,HEPB_PEDHD_25_772_0/3e7j_A_rec_2fut_h1s_lig_tt_min_0_pocket10.pdb,HEPB_PEDHD_25_772_0/3e7j_A_rec_2fut_h1s_lig_tt_min_0_pocket10.pdb,HEPB_PEDHD_25_772_0/3e7j_A_rec_2fut_h1s_lig_tt_min_0.sdf,95ef9eefacd6311a40633d93a68502dbbea5005db9e8c41c30105ec775187b98,a1a719100531c8773386dddf8b56553844f3650a9c5b3f378855fbb7a4a74eb4,O=C(O)C1CC(O)C(OS(=O)(=O)O)C(OC2C(COS(=O)(=O)O)OC(O)C(NS(O)(O)O)C2O)O1,OHOZICULNOPCHC-WWHHWYKHSA-N,HEPB_PEDHD_25_772_0/3e7j_A_rec_2fut_h1s_lig_tt_min_0.sdf,official_split_unavailable,False,False,False,False,False,False,,,T_unknown,True,external_main_candidate,Official DiffSBDD/Pocket2Mol split files unavailable; conclusion must remain conservative.
complex_diffsbdd_5ndu,complex_diffsbdd_5ndu,train,nan,complex_diffsbdd_5ndu,diffsbdd_example,/home/lyj/mnt/project/clash2feedback_gc/data/raw_complexes/complex_diffsbdd_5ndu/protein.pdb,/home/lyj/mnt/project/clash2feedback_gc/data/raw_complexes/complex_diffsbdd_5ndu/ligand.sdf,,,,9fa75906993cf1da0cf3e8169e43223caab0e6124e44185969ea0187f13b6989,64455fbc73cf167655d8fde8e43d7b060b9be180b2f9106258d789bd9cc7603c,[H]C1=C([H])C2(C(=O)N3C([H])(C(=O)N4C([H])([H])C([H])([H])C5([H])C([H])=C([H])C6([H])N(C(=O)C45[H])C([H])(C(=O)OC([H])([H])[H])C([H])([H])C6([H])[H])C([H])([H])C([H])([H])C13[H])N(C(=O)C([H])(N([H])C(=O)C([H])([H])[H])C([H])([H])c1c([H])c([H])c([H])c([H])c1Cl)C([H])([H])C([H])([H])C2([H])[H],GZPHGKMETPUDJS-UIJLVBHGSA-N,,official_split_unavailable,False,False,False,False,False,False,,,T_unknown,True,external_main_candidate,Official DiffSBDD/Pocket2Mol split files unavailable; conclusion must remain conservative.
