case_id,oracle_mask_size,predicted_mask_size,random_mask_size,abs_size_diff_random_vs_oracle,abs_size_diff_random_vs_predicted,random_mask_fallback_reason,injection_mode,difficulty_bin,base_split
case_000041,2,2,2,0,0,primary_exclude_oracle_and_predicted,easy_rotation,easy,test
case_000048,2,2,2,0,0,primary_exclude_oracle_and_predicted,directed_clash,easy,test
case_000059,2,2,2,0,0,primary_exclude_oracle_and_predicted,easy_rotation,easy,test
case_000095,2,2,2,0,0,primary_exclude_oracle_and_predicted,easy_rotation,easy,test
case_000102,2,2,2,0,0,primary_exclude_oracle_and_predicted,directed_clash,easy,test
case_000109,2,2,2,0,0,primary_exclude_oracle_and_predicted,easy_rotation,easy,test
case_000120,2,2,2,0,0,primary_exclude_oracle_and_predicted,directed_clash,easy,test
case_000163,2,2,2,0,0,primary_exclude_oracle_and_predicted,easy_rotation,easy,test
case_000202,2,2,2,0,0,primary_exclude_oracle_and_predicted,easy_rotation,easy,test
case_000210,2,2,2,0,0,primary_exclude_oracle_and_predicted,directed_clash,easy,test
case_000227,2,2,2,0,0,primary_exclude_oracle_and_predicted,directed_clash,easy,test
case_000238,2,2,2,0,0,primary_exclude_oracle_and_predicted,easy_rotation,easy,test
case_000239,2,2,2,0,0,primary_exclude_oracle_and_predicted,easy_rotation,easy,test
case_000245,2,2,2,0,0,primary_exclude_oracle_and_predicted,directed_clash,medium,test
case_000310,2,2,2,0,0,primary_exclude_oracle_and_predicted,easy_rotation,easy,test
case_000329,2,2,2,0,0,primary_exclude_oracle_and_predicted,easy_rotation,easy,test
case_000347,2,2,2,0,0,primary_exclude_oracle_and_predicted,easy_rotation,easy,test
case_000365,2,2,2,0,0,primary_exclude_oracle_and_predicted,easy_rotation,easy,test
case_000372,2,2,2,0,0,primary_exclude_oracle_and_predicted,directed_clash,easy,test
case_000382,2,2,2,0,0,primary_exclude_oracle_and_predicted,easy_rotation,easy,test
case_000469,2,2,2,0,0,primary_exclude_oracle_and_predicted,easy_rotation,easy,test
case_000480,2,2,2,0,0,primary_exclude_oracle_and_predicted,directed_clash,easy,test
case_000509,2,2,2,0,0,primary_exclude_oracle_and_predicted,easy_rotation,easy,test
case_000545,2,2,2,0,0,primary_exclude_oracle_and_predicted,easy_rotation,easy,test
case_000552,2,2,2,0,0,primary_exclude_oracle_and_predicted,directed_clash,easy,test
case_000667,4,4,4,0,0,primary_exclude_oracle_and_predicted,easy_rotation,medium,train
case_000669,4,4,4,0,0,primary_exclude_oracle_and_predicted,easy_rotation,medium,train
case_000670,4,4,4,0,0,primary_exclude_oracle_and_predicted,easy_rotation,easy,train
case_000671,4,4,4,0,0,primary_exclude_oracle_and_predicted,easy_rotation,medium,train
case_000680,4,4,4,0,0,primary_exclude_oracle_and_predicted,directed_clash,medium,train
case_000681,4,4,4,0,0,primary_exclude_oracle_and_predicted,directed_clash,easy,train
case_000682,4,4,4,0,0,primary_exclude_oracle_and_predicted,directed_clash,easy,train
case_000683,4,4,4,0,0,primary_exclude_oracle_and_predicted,directed_clash,medium,train
case_000684,4,4,4,0,0,primary_exclude_oracle_and_predicted,directed_clash,easy,train
case_000703,4,4,4,0,0,primary_exclude_oracle_and_predicted,easy_rotation,medium,train
case_000705,4,4,4,0,0,primary_exclude_oracle_and_predicted,easy_rotation,medium,train
case_000707,4,4,4,0,0,primary_exclude_oracle_and_predicted,easy_rotation,medium,train
case_000716,4,4,4,0,0,primary_exclude_oracle_and_predicted,directed_clash,medium,train
case_000721,4,4,4,0,0,primary_exclude_oracle_and_predicted,easy_rotation,medium,train
case_000722,4,4,4,0,0,primary_exclude_oracle_and_predicted,easy_rotation,easy,train
case_000723,4,4,4,0,0,primary_exclude_oracle_and_predicted,easy_rotation,medium,train
case_000724,4,4,4,0,0,primary_exclude_oracle_and_predicted,easy_rotation,easy,train
case_000725,4,4,4,0,0,primary_exclude_oracle_and_predicted,easy_rotation,medium,train
case_000732,4,4,4,0,0,primary_exclude_oracle_and_predicted,directed_clash,medium,train
case_000733,4,4,4,0,0,primary_exclude_oracle_and_predicted,directed_clash,medium,train
case_000735,4,4,4,0,0,primary_exclude_oracle_and_predicted,directed_clash,medium,train
case_000738,4,4,4,0,0,primary_exclude_oracle_and_predicted,directed_clash,easy,train
case_000795,5,5,5,0,0,primary_exclude_oracle_and_predicted,easy_rotation,easy,test
case_000806,5,5,5,0,0,primary_exclude_oracle_and_predicted,directed_clash,easy,test
case_000818,5,5,5,0,0,primary_exclude_oracle_and_predicted,torsion_perturb,easy,test
case_000820,5,5,5,0,0,primary_exclude_oracle_and_predicted,torsion_perturb,easy,test
case_000822,5,5,5,0,0,primary_exclude_oracle_and_predicted,directed_clash,easy,test
case_000834,5,5,5,0,0,primary_exclude_oracle_and_predicted,torsion_perturb,easy,test
case_000836,5,5,5,0,0,primary_exclude_oracle_and_predicted,torsion_perturb,easy,test
case_000838,5,5,5,0,0,primary_exclude_oracle_and_predicted,torsion_perturb,easy,test
case_000852,5,5,5,0,0,primary_exclude_oracle_and_predicted,torsion_perturb,easy,test
case_000854,5,5,5,0,0,primary_exclude_oracle_and_predicted,torsion_perturb,easy,test
case_000856,5,5,5,0,0,primary_exclude_oracle_and_predicted,torsion_perturb,easy,test
case_000906,5,5,5,0,0,primary_exclude_oracle_and_predicted,torsion_perturb,easy,test
case_000908,5,5,5,0,0,primary_exclude_oracle_and_predicted,torsion_perturb,easy,test
case_000910,5,5,5,0,0,primary_exclude_oracle_and_predicted,torsion_perturb,easy,test
case_000923,5,5,5,0,0,primary_exclude_oracle_and_predicted,easy_rotation,easy,test
case_000936,5,5,5,0,0,primary_exclude_oracle_and_predicted,directed_clash,easy,test
case_000942,5,5,5,0,0,primary_exclude_oracle_and_predicted,torsion_perturb,easy,test
case_000944,5,5,5,0,0,primary_exclude_oracle_and_predicted,torsion_perturb,easy,test
case_000946,5,5,5,0,0,primary_exclude_oracle_and_predicted,torsion_perturb,easy,test
case_000948,5,5,5,0,0,primary_exclude_oracle_and_predicted,directed_clash,easy,test
case_000980,5,5,5,0,0,primary_exclude_oracle_and_predicted,torsion_perturb,easy,test
case_000982,5,5,5,0,0,primary_exclude_oracle_and_predicted,torsion_perturb,easy,test
case_000996,5,5,5,0,0,primary_exclude_oracle_and_predicted,torsion_perturb,easy,test
case_000998,5,5,5,0,0,primary_exclude_oracle_and_predicted,torsion_perturb,easy,test
case_001000,5,5,5,0,0,primary_exclude_oracle_and_predicted,torsion_perturb,easy,test
case_001001,5,5,5,0,0,primary_exclude_oracle_and_predicted,directed_clash,easy,test
case_001009,5,5,5,0,0,primary_exclude_oracle_and_predicted,easy_rotation,easy,test
case_001050,5,5,5,0,0,primary_exclude_oracle_and_predicted,torsion_perturb,easy,test
case_001052,5,5,5,0,0,primary_exclude_oracle_and_predicted,torsion_perturb,easy,test
case_001054,5,5,5,0,0,primary_exclude_oracle_and_predicted,torsion_perturb,easy,test
case_001055,5,5,5,0,0,primary_exclude_oracle_and_predicted,directed_clash,easy,test
case_001140,5,5,5,0,0,primary_exclude_oracle_and_predicted,torsion_perturb,easy,test
case_001142,5,5,5,0,0,primary_exclude_oracle_and_predicted,torsion_perturb,easy,test
case_001144,5,5,5,0,0,primary_exclude_oracle_and_predicted,torsion_perturb,easy,test
case_001176,5,5,5,0,0,primary_exclude_oracle_and_predicted,torsion_perturb,easy,test
case_001178,5,5,5,0,0,primary_exclude_oracle_and_predicted,torsion_perturb,easy,test
case_001180,5,5,5,0,0,primary_exclude_oracle_and_predicted,torsion_perturb,easy,test
case_001194,5,5,5,0,0,primary_exclude_oracle_and_predicted,torsion_perturb,easy,test
case_001196,5,5,5,0,0,primary_exclude_oracle_and_predicted,torsion_perturb,easy,test
case_001198,5,5,5,0,0,primary_exclude_oracle_and_predicted,torsion_perturb,easy,test
case_001212,5,5,5,0,0,primary_exclude_oracle_and_predicted,torsion_perturb,easy,test
case_001214,5,5,5,0,0,primary_exclude_oracle_and_predicted,torsion_perturb,easy,test
case_001216,5,5,5,0,0,primary_exclude_oracle_and_predicted,torsion_perturb,easy,test
case_001237,5,5,5,0,0,primary_exclude_oracle_and_predicted,directed_clash,medium,test
case_001238,5,5,5,0,0,primary_exclude_oracle_and_predicted,directed_clash,medium,test
case_001243,5,5,5,0,0,primary_exclude_oracle_and_predicted,easy_rotation,easy,test
case_001248,5,5,5,0,0,primary_exclude_oracle_and_predicted,torsion_perturb,easy,test
case_001250,5,5,5,0,0,primary_exclude_oracle_and_predicted,torsion_perturb,easy,test
case_001252,5,5,5,0,0,primary_exclude_oracle_and_predicted,torsion_perturb,easy,test
case_001254,5,5,5,0,0,primary_exclude_oracle_and_predicted,directed_clash,easy,test
case_001255,5,5,5,0,0,primary_exclude_oracle_and_predicted,directed_clash,easy,test
case_001266,5,5,5,0,0,primary_exclude_oracle_and_predicted,torsion_perturb,easy,test
case_001268,5,5,5,0,0,primary_exclude_oracle_and_predicted,torsion_perturb,easy,test
case_001270,5,5,5,0,0,primary_exclude_oracle_and_predicted,torsion_perturb,easy,test
case_001300,2,2,2,0,0,primary_exclude_oracle_and_predicted,easy_rotation,easy,val
case_001307,2,2,2,0,0,primary_exclude_oracle_and_predicted,directed_clash,easy,val
case_001308,2,2,2,0,0,primary_exclude_oracle_and_predicted,directed_clash,easy,val
case_001316,2,2,2,0,0,primary_exclude_oracle_and_predicted,easy_rotation,easy,val
case_001317,2,2,2,0,0,primary_exclude_oracle_and_predicted,easy_rotation,easy,val
case_001318,2,2,2,0,0,primary_exclude_oracle_and_predicted,easy_rotation,easy,val
case_001319,2,2,2,0,0,primary_exclude_oracle_and_predicted,easy_rotation,easy,val
case_001325,2,2,2,0,0,primary_exclude_oracle_and_predicted,directed_clash,medium,val
case_001353,2,2,2,0,0,primary_exclude_oracle_and_predicted,easy_rotation,easy,val
case_001354,2,2,2,0,0,primary_exclude_oracle_and_predicted,easy_rotation,easy,val
case_001355,2,2,2,0,0,primary_exclude_oracle_and_predicted,easy_rotation,easy,val
case_001362,2,2,2,0,0,primary_exclude_oracle_and_predicted,directed_clash,easy,val
case_001366,2,2,2,0,0,primary_exclude_oracle_and_predicted,directed_clash,easy,val
case_001379,2,2,2,0,0,primary_exclude_oracle_and_predicted,directed_clash,easy,val
case_001380,2,2,2,0,0,primary_exclude_oracle_and_predicted,directed_clash,easy,val
case_001389,2,2,2,0,0,primary_exclude_oracle_and_predicted,easy_rotation,easy,val
case_001390,2,2,2,0,0,primary_exclude_oracle_and_predicted,easy_rotation,easy,val
case_001397,2,2,2,0,0,primary_exclude_oracle_and_predicted,directed_clash,medium,val
case_001405,8,8,11,3,3,primary_exclude_oracle_and_predicted,easy_rotation,easy,train
case_001406,8,8,11,3,3,primary_exclude_oracle_and_predicted,easy_rotation,medium,train
case_001419,8,8,11,3,3,primary_exclude_oracle_and_predicted,directed_clash,medium,train
case_001422,8,8,11,3,3,primary_exclude_oracle_and_predicted,directed_clash,easy,train
case_001428,11,11,8,3,3,primary_exclude_oracle_and_predicted,torsion_perturb,easy,train
case_001429,11,11,8,3,3,primary_exclude_oracle_and_predicted,torsion_perturb,medium,train
case_001457,8,8,11,3,3,primary_exclude_oracle_and_predicted,directed_clash,medium,train
case_001464,11,11,8,3,3,primary_exclude_oracle_and_predicted,torsion_perturb,easy,train
case_001482,7,7,4,3,3,primary_exclude_oracle_and_predicted,torsion_perturb,easy,train
case_001483,7,7,4,3,3,primary_exclude_oracle_and_predicted,torsion_perturb,easy,train
case_001484,7,7,4,3,3,primary_exclude_oracle_and_predicted,torsion_perturb,medium,train
case_001485,7,7,4,3,3,primary_exclude_oracle_and_predicted,torsion_perturb,medium,train
case_001486,7,7,4,3,3,primary_exclude_oracle_and_predicted,torsion_perturb,easy,train
case_001515,4,4,2,2,2,primary_exclude_oracle_and_predicted,easy_rotation,medium,train
case_001516,4,4,2,2,2,primary_exclude_oracle_and_predicted,easy_rotation,medium,train
case_001517,4,4,2,2,2,primary_exclude_oracle_and_predicted,easy_rotation,easy,train
case_001523,4,4,2,2,2,primary_exclude_oracle_and_predicted,directed_clash,medium,train
case_001526,4,4,2,2,2,primary_exclude_oracle_and_predicted,directed_clash,medium,train
case_001527,4,4,2,2,2,primary_exclude_oracle_and_predicted,directed_clash,easy,train
case_001528,4,4,2,2,2,primary_exclude_oracle_and_predicted,directed_clash,easy,train
case_001536,7,7,4,3,3,primary_exclude_oracle_and_predicted,torsion_perturb,easy,train
case_001537,7,7,4,3,3,primary_exclude_oracle_and_predicted,torsion_perturb,easy,train
case_001538,7,7,4,3,3,primary_exclude_oracle_and_predicted,torsion_perturb,easy,train
case_001540,7,7,4,3,3,primary_exclude_oracle_and_predicted,torsion_perturb,easy,train
case_001542,7,7,4,3,3,primary_exclude_oracle_and_predicted,directed_clash,easy,train
case_001567,4,4,2,2,2,primary_exclude_oracle_and_predicted,easy_rotation,medium,train
case_001568,4,4,2,2,2,primary_exclude_oracle_and_predicted,easy_rotation,medium,train
case_001569,4,4,2,2,2,primary_exclude_oracle_and_predicted,easy_rotation,medium,train
case_001570,4,4,2,2,2,primary_exclude_oracle_and_predicted,easy_rotation,easy,train
case_001571,4,4,2,2,2,primary_exclude_oracle_and_predicted,easy_rotation,easy,train
case_001577,4,4,2,2,2,primary_exclude_oracle_and_predicted,directed_clash,medium,train
case_001579,4,4,2,2,2,primary_exclude_oracle_and_predicted,directed_clash,medium,train
case_001580,4,4,2,2,2,primary_exclude_oracle_and_predicted,directed_clash,medium,train
case_001583,4,4,2,2,2,primary_exclude_oracle_and_predicted,directed_clash,medium,train
case_001590,7,7,4,3,3,primary_exclude_oracle_and_predicted,torsion_perturb,easy,train
case_001591,7,7,4,3,3,primary_exclude_oracle_and_predicted,torsion_perturb,easy,train
case_001593,7,7,4,3,3,primary_exclude_oracle_and_predicted,torsion_perturb,easy,train
case_001622,4,4,2,2,2,primary_exclude_oracle_and_predicted,easy_rotation,easy,train
case_001624,4,4,2,2,2,primary_exclude_oracle_and_predicted,easy_rotation,easy,train
case_001625,4,4,2,2,2,primary_exclude_oracle_and_predicted,easy_rotation,easy,train
case_001633,4,4,2,2,2,primary_exclude_oracle_and_predicted,directed_clash,easy,train
case_001644,7,7,4,3,3,primary_exclude_oracle_and_predicted,torsion_perturb,easy,train
case_001646,7,7,4,3,3,primary_exclude_oracle_and_predicted,torsion_perturb,medium,train
case_001648,7,7,4,3,3,primary_exclude_oracle_and_predicted,torsion_perturb,easy,train
case_001650,7,7,4,3,3,primary_exclude_oracle_and_predicted,directed_clash,easy,train
case_001675,4,4,2,2,2,primary_exclude_oracle_and_predicted,easy_rotation,easy,train
case_001676,4,4,2,2,2,primary_exclude_oracle_and_predicted,easy_rotation,medium,train
case_001677,4,4,2,2,2,primary_exclude_oracle_and_predicted,easy_rotation,medium,train
case_001678,4,4,2,2,2,primary_exclude_oracle_and_predicted,easy_rotation,easy,train
case_001679,4,4,2,2,2,primary_exclude_oracle_and_predicted,easy_rotation,easy,train
case_001687,4,4,2,2,2,primary_exclude_oracle_and_predicted,directed_clash,medium,train
case_001688,4,4,2,2,2,primary_exclude_oracle_and_predicted,directed_clash,medium,train
case_001689,4,4,2,2,2,primary_exclude_oracle_and_predicted,directed_clash,medium,train
case_001692,4,4,2,2,2,primary_exclude_oracle_and_predicted,directed_clash,easy,train
case_001698,7,7,4,3,3,primary_exclude_oracle_and_predicted,torsion_perturb,easy,train
case_001699,7,7,4,3,3,primary_exclude_oracle_and_predicted,torsion_perturb,easy,train
case_001700,7,7,4,3,3,primary_exclude_oracle_and_predicted,torsion_perturb,easy,train
case_001701,7,7,4,3,3,primary_exclude_oracle_and_predicted,torsion_perturb,medium,train
case_001702,7,7,4,3,3,primary_exclude_oracle_and_predicted,torsion_perturb,easy,train
case_001704,7,7,4,3,3,primary_exclude_oracle_and_predicted,directed_clash,easy,train
case_001729,4,4,2,2,2,primary_exclude_oracle_and_predicted,easy_rotation,medium,train
case_001730,4,4,2,2,2,primary_exclude_oracle_and_predicted,easy_rotation,medium,train
case_001731,4,4,2,2,2,primary_exclude_oracle_and_predicted,easy_rotation,medium,train
case_001732,4,4,2,2,2,primary_exclude_oracle_and_predicted,easy_rotation,easy,train
case_001733,4,4,2,2,2,primary_exclude_oracle_and_predicted,easy_rotation,easy,train
case_001739,4,4,2,2,2,primary_exclude_oracle_and_predicted,directed_clash,medium,train
case_001740,4,4,2,2,2,primary_exclude_oracle_and_predicted,directed_clash,medium,train
case_001743,4,4,2,2,2,primary_exclude_oracle_and_predicted,directed_clash,medium,train
case_001745,4,4,2,2,2,primary_exclude_oracle_and_predicted,directed_clash,medium,train
case_001752,7,7,4,3,3,primary_exclude_oracle_and_predicted,torsion_perturb,easy,train
case_001753,7,7,4,3,3,primary_exclude_oracle_and_predicted,torsion_perturb,easy,train
case_001754,7,7,4,3,3,primary_exclude_oracle_and_predicted,torsion_perturb,easy,train
case_001756,7,7,4,3,3,primary_exclude_oracle_and_predicted,torsion_perturb,medium,train
case_001758,7,7,4,3,3,primary_exclude_oracle_and_predicted,directed_clash,easy,train
case_001783,4,4,2,2,2,primary_exclude_oracle_and_predicted,easy_rotation,easy,train
case_001784,4,4,2,2,2,primary_exclude_oracle_and_predicted,easy_rotation,medium,train
case_001785,4,4,2,2,2,primary_exclude_oracle_and_predicted,easy_rotation,medium,train
case_001786,4,4,2,2,2,primary_exclude_oracle_and_predicted,easy_rotation,easy,train
case_001787,4,4,2,2,2,primary_exclude_oracle_and_predicted,easy_rotation,easy,train
case_001793,4,4,2,2,2,primary_exclude_oracle_and_predicted,directed_clash,medium,train
case_001796,4,4,2,2,2,primary_exclude_oracle_and_predicted,directed_clash,medium,train
case_001797,4,4,2,2,2,primary_exclude_oracle_and_predicted,directed_clash,medium,train
case_001799,4,4,2,2,2,primary_exclude_oracle_and_predicted,directed_clash,easy,train
case_001806,7,7,4,3,3,primary_exclude_oracle_and_predicted,torsion_perturb,easy,train
case_001808,7,7,4,3,3,primary_exclude_oracle_and_predicted,torsion_perturb,medium,train
case_001810,7,7,4,3,3,primary_exclude_oracle_and_predicted,torsion_perturb,medium,train
case_001812,7,7,4,3,3,primary_exclude_oracle_and_predicted,directed_clash,easy,train
case_001839,4,4,2,2,2,primary_exclude_oracle_and_predicted,easy_rotation,easy,train
case_001840,4,4,2,2,2,primary_exclude_oracle_and_predicted,easy_rotation,easy,train
case_001848,4,4,2,2,2,primary_exclude_oracle_and_predicted,directed_clash,easy,train
case_001850,4,4,2,2,2,primary_exclude_oracle_and_predicted,directed_clash,easy,train
case_001851,4,4,2,2,2,primary_exclude_oracle_and_predicted,directed_clash,easy,train
case_001860,7,7,4,3,3,primary_exclude_oracle_and_predicted,torsion_perturb,easy,train
case_001862,7,7,4,3,3,primary_exclude_oracle_and_predicted,torsion_perturb,easy,train
case_001863,7,7,4,3,3,primary_exclude_oracle_and_predicted,torsion_perturb,easy,train
case_001866,7,7,4,3,3,primary_exclude_oracle_and_predicted,directed_clash,easy,train
case_001891,4,4,2,2,2,primary_exclude_oracle_and_predicted,easy_rotation,medium,train
case_001893,4,4,2,2,2,primary_exclude_oracle_and_predicted,easy_rotation,medium,train
case_001894,4,4,2,2,2,primary_exclude_oracle_and_predicted,easy_rotation,easy,train
case_001895,4,4,2,2,2,primary_exclude_oracle_and_predicted,easy_rotation,easy,train
case_001904,4,4,2,2,2,primary_exclude_oracle_and_predicted,directed_clash,medium,train
case_001906,4,4,2,2,2,primary_exclude_oracle_and_predicted,directed_clash,medium,train
case_001914,7,7,4,3,3,primary_exclude_oracle_and_predicted,torsion_perturb,easy,train
case_001915,7,7,4,3,3,primary_exclude_oracle_and_predicted,torsion_perturb,easy,train
case_001916,7,7,4,3,3,primary_exclude_oracle_and_predicted,torsion_perturb,medium,train
case_001917,7,7,4,3,3,primary_exclude_oracle_and_predicted,torsion_perturb,medium,train
case_001918,7,7,4,3,3,primary_exclude_oracle_and_predicted,torsion_perturb,easy,train
case_001921,7,7,4,3,3,primary_exclude_oracle_and_predicted,directed_clash,easy,train
case_001945,4,4,2,2,2,primary_exclude_oracle_and_predicted,easy_rotation,medium,train
case_001946,4,4,2,2,2,primary_exclude_oracle_and_predicted,easy_rotation,medium,train
case_001947,4,4,2,2,2,primary_exclude_oracle_and_predicted,easy_rotation,medium,train
case_001948,4,4,2,2,2,primary_exclude_oracle_and_predicted,easy_rotation,easy,train
case_001949,4,4,2,2,2,primary_exclude_oracle_and_predicted,easy_rotation,easy,train
case_001955,4,4,2,2,2,primary_exclude_oracle_and_predicted,directed_clash,medium,train
case_001956,4,4,2,2,2,primary_exclude_oracle_and_predicted,directed_clash,medium,train
case_001958,4,4,2,2,2,primary_exclude_oracle_and_predicted,directed_clash,medium,train
case_001961,4,4,2,2,2,primary_exclude_oracle_and_predicted,directed_clash,medium,train
case_001968,7,7,4,3,3,primary_exclude_oracle_and_predicted,torsion_perturb,easy,train
case_001969,7,7,4,3,3,primary_exclude_oracle_and_predicted,torsion_perturb,easy,train
case_001970,7,7,4,3,3,primary_exclude_oracle_and_predicted,torsion_perturb,easy,train
case_001971,7,7,4,3,3,primary_exclude_oracle_and_predicted,torsion_perturb,easy,train
case_001999,4,4,2,2,2,primary_exclude_oracle_and_predicted,easy_rotation,easy,train
case_002000,4,4,2,2,2,primary_exclude_oracle_and_predicted,easy_rotation,medium,train
case_002002,4,4,2,2,2,primary_exclude_oracle_and_predicted,easy_rotation,medium,train
case_002003,4,4,2,2,2,primary_exclude_oracle_and_predicted,easy_rotation,easy,train
case_002011,4,4,2,2,2,primary_exclude_oracle_and_predicted,directed_clash,easy,train
case_002012,4,4,2,2,2,primary_exclude_oracle_and_predicted,directed_clash,easy,train
case_002013,4,4,2,2,2,primary_exclude_oracle_and_predicted,directed_clash,easy,train
case_002022,7,7,4,3,3,primary_exclude_oracle_and_predicted,torsion_perturb,easy,train
case_002023,7,7,4,3,3,primary_exclude_oracle_and_predicted,torsion_perturb,easy,train
case_002024,7,7,4,3,3,primary_exclude_oracle_and_predicted,torsion_perturb,medium,train
case_002026,7,7,4,3,3,primary_exclude_oracle_and_predicted,torsion_perturb,medium,train
case_002029,7,7,4,3,3,primary_exclude_oracle_and_predicted,directed_clash,easy,train
case_002054,4,4,2,2,2,primary_exclude_oracle_and_predicted,easy_rotation,medium,train
case_002055,4,4,2,2,2,primary_exclude_oracle_and_predicted,easy_rotation,medium,train
case_002056,4,4,2,2,2,primary_exclude_oracle_and_predicted,easy_rotation,medium,train
case_002057,4,4,2,2,2,primary_exclude_oracle_and_predicted,easy_rotation,easy,train
case_002063,4,4,2,2,2,primary_exclude_oracle_and_predicted,directed_clash,medium,train
case_002065,4,4,2,2,2,primary_exclude_oracle_and_predicted,directed_clash,medium,train
case_002068,4,4,2,2,2,primary_exclude_oracle_and_predicted,directed_clash,easy,train
case_002069,4,4,2,2,2,primary_exclude_oracle_and_predicted,directed_clash,easy,train
case_002076,7,7,4,3,3,primary_exclude_oracle_and_predicted,torsion_perturb,easy,train
case_002078,7,7,4,3,3,primary_exclude_oracle_and_predicted,torsion_perturb,easy,train
case_002079,7,7,4,3,3,primary_exclude_oracle_and_predicted,torsion_perturb,medium,train
case_002080,7,7,4,3,3,primary_exclude_oracle_and_predicted,torsion_perturb,easy,train
case_002081,7,7,4,3,3,primary_exclude_oracle_and_predicted,directed_clash,easy,train
case_002107,4,4,2,2,2,primary_exclude_oracle_and_predicted,easy_rotation,easy,train
case_002109,4,4,2,2,2,primary_exclude_oracle_and_predicted,easy_rotation,medium,train
case_002110,4,4,2,2,2,primary_exclude_oracle_and_predicted,easy_rotation,medium,train
case_002111,4,4,2,2,2,primary_exclude_oracle_and_predicted,easy_rotation,easy,train
case_002119,4,4,2,2,2,primary_exclude_oracle_and_predicted,directed_clash,medium,train
case_002120,4,4,2,2,2,primary_exclude_oracle_and_predicted,directed_clash,medium,train
case_002121,4,4,2,2,2,primary_exclude_oracle_and_predicted,directed_clash,medium,train
case_002130,7,7,4,3,3,primary_exclude_oracle_and_predicted,torsion_perturb,easy,train
case_002131,7,7,4,3,3,primary_exclude_oracle_and_predicted,torsion_perturb,easy,train
case_002133,7,7,4,3,3,primary_exclude_oracle_and_predicted,torsion_perturb,medium,train
case_002134,7,7,4,3,3,primary_exclude_oracle_and_predicted,torsion_perturb,medium,train
case_002137,7,7,4,3,3,primary_exclude_oracle_and_predicted,directed_clash,easy,train
case_002162,4,4,2,2,2,primary_exclude_oracle_and_predicted,easy_rotation,easy,train
case_002172,4,4,2,2,2,primary_exclude_oracle_and_predicted,directed_clash,easy,train
case_002185,7,7,4,3,3,primary_exclude_oracle_and_predicted,torsion_perturb,easy,train
case_002186,7,7,4,3,3,primary_exclude_oracle_and_predicted,torsion_perturb,medium,train
case_002187,7,7,4,3,3,primary_exclude_oracle_and_predicted,torsion_perturb,medium,train
case_002188,7,7,4,3,3,primary_exclude_oracle_and_predicted,torsion_perturb,easy,train
case_002190,7,7,4,3,3,primary_exclude_oracle_and_predicted,directed_clash,easy,train
case_002215,4,4,2,2,2,primary_exclude_oracle_and_predicted,easy_rotation,easy,train
case_002216,4,4,2,2,2,primary_exclude_oracle_and_predicted,easy_rotation,medium,train
case_002217,4,4,2,2,2,primary_exclude_oracle_and_predicted,easy_rotation,medium,train
case_002218,4,4,2,2,2,primary_exclude_oracle_and_predicted,easy_rotation,easy,train
case_002219,4,4,2,2,2,primary_exclude_oracle_and_predicted,easy_rotation,medium,train
case_002226,4,4,2,2,2,primary_exclude_oracle_and_predicted,directed_clash,medium,train
case_002228,4,4,2,2,2,primary_exclude_oracle_and_predicted,directed_clash,medium,train
case_002229,4,4,2,2,2,primary_exclude_oracle_and_predicted,directed_clash,medium,train
case_002238,7,7,4,3,3,primary_exclude_oracle_and_predicted,torsion_perturb,easy,train
case_002240,7,7,4,3,3,primary_exclude_oracle_and_predicted,torsion_perturb,easy,train
case_002241,7,7,4,3,3,primary_exclude_oracle_and_predicted,torsion_perturb,easy,train
case_002269,4,4,2,2,2,primary_exclude_oracle_and_predicted,easy_rotation,easy,train
case_002272,4,4,2,2,2,primary_exclude_oracle_and_predicted,easy_rotation,medium,train
case_002273,4,4,2,2,2,primary_exclude_oracle_and_predicted,easy_rotation,easy,train
case_002281,4,4,2,2,2,primary_exclude_oracle_and_predicted,directed_clash,medium,train
case_002282,4,4,2,2,2,primary_exclude_oracle_and_predicted,directed_clash,medium,train
case_002283,4,4,2,2,2,primary_exclude_oracle_and_predicted,directed_clash,medium,train
case_002292,7,7,4,3,3,primary_exclude_oracle_and_predicted,torsion_perturb,easy,train
case_002294,7,7,4,3,3,primary_exclude_oracle_and_predicted,torsion_perturb,easy,train
case_002295,7,7,4,3,3,primary_exclude_oracle_and_predicted,torsion_perturb,medium,train
case_002296,7,7,4,3,3,primary_exclude_oracle_and_predicted,torsion_perturb,easy,train
case_002297,7,7,4,3,3,primary_exclude_oracle_and_predicted,directed_clash,easy,train
case_002325,4,4,2,2,2,primary_exclude_oracle_and_predicted,easy_rotation,easy,train
case_002326,4,4,2,2,2,primary_exclude_oracle_and_predicted,easy_rotation,easy,train
case_002333,4,4,2,2,2,primary_exclude_oracle_and_predicted,directed_clash,easy,train
case_002335,4,4,2,2,2,primary_exclude_oracle_and_predicted,directed_clash,easy,train
case_002337,4,4,2,2,2,primary_exclude_oracle_and_predicted,directed_clash,easy,train
case_002346,7,7,4,3,3,primary_exclude_oracle_and_predicted,torsion_perturb,easy,train
case_002347,7,7,4,3,3,primary_exclude_oracle_and_predicted,torsion_perturb,easy,train
case_002348,7,7,4,3,3,primary_exclude_oracle_and_predicted,torsion_perturb,easy,train
case_002349,7,7,4,3,3,primary_exclude_oracle_and_predicted,torsion_perturb,medium,train
case_002377,4,4,2,2,2,primary_exclude_oracle_and_predicted,easy_rotation,easy,train
case_002378,4,4,2,2,2,primary_exclude_oracle_and_predicted,easy_rotation,medium,train
case_002379,4,4,2,2,2,primary_exclude_oracle_and_predicted,easy_rotation,medium,train
case_002380,4,4,2,2,2,primary_exclude_oracle_and_predicted,easy_rotation,easy,train
case_002387,4,4,2,2,2,primary_exclude_oracle_and_predicted,directed_clash,medium,train
case_002389,4,4,2,2,2,primary_exclude_oracle_and_predicted,directed_clash,medium,train
case_002393,4,4,2,2,2,primary_exclude_oracle_and_predicted,directed_clash,easy,train
case_002394,4,4,2,2,2,primary_exclude_oracle_and_predicted,directed_clash,easy,train
case_002415,4,4,3,1,1,primary_exclude_oracle_and_predicted,easy_rotation,medium,train
case_002420,4,4,3,1,1,primary_exclude_oracle_and_predicted,torsion_perturb,easy,train
case_002424,4,4,3,1,1,primary_exclude_oracle_and_predicted,directed_clash,medium,train
case_002425,4,4,3,1,1,primary_exclude_oracle_and_predicted,directed_clash,easy,train
case_002429,4,4,3,1,1,primary_exclude_oracle_and_predicted,directed_clash,easy,train
case_002432,3,3,2,1,1,primary_exclude_oracle_and_predicted,easy_rotation,easy,train
case_002435,3,3,2,1,1,primary_exclude_oracle_and_predicted,easy_rotation,easy,train
case_002441,3,3,2,1,1,primary_exclude_oracle_and_predicted,directed_clash,easy,train
case_002442,3,3,2,1,1,primary_exclude_oracle_and_predicted,directed_clash,easy,train
case_002469,4,4,3,1,1,primary_exclude_oracle_and_predicted,easy_rotation,medium,train
case_002474,4,4,3,1,1,primary_exclude_oracle_and_predicted,torsion_perturb,easy,train
case_002478,4,4,3,1,1,primary_exclude_oracle_and_predicted,directed_clash,medium,train
case_002479,4,4,3,1,1,primary_exclude_oracle_and_predicted,directed_clash,easy,train
case_002483,4,4,3,1,1,primary_exclude_oracle_and_predicted,directed_clash,easy,train
case_002486,3,3,2,1,1,primary_exclude_oracle_and_predicted,easy_rotation,easy,train
case_002489,3,3,4,1,1,primary_exclude_oracle_and_predicted,easy_rotation,easy,train
case_002495,3,3,4,1,1,primary_exclude_oracle_and_predicted,directed_clash,easy,train
case_002496,3,3,2,1,1,primary_exclude_oracle_and_predicted,directed_clash,easy,train
case_002505,5,5,5,0,0,primary_exclude_oracle_and_predicted,easy_rotation,medium,train
case_002518,5,5,5,0,0,primary_exclude_oracle_and_predicted,directed_clash,easy,train
case_002543,5,5,5,0,0,primary_exclude_oracle_and_predicted,easy_rotation,medium,train
case_002544,5,5,5,0,0,primary_exclude_oracle_and_predicted,torsion_perturb,easy,train
case_002546,5,5,5,0,0,primary_exclude_oracle_and_predicted,torsion_perturb,easy,train
case_002548,5,5,5,0,0,primary_exclude_oracle_and_predicted,torsion_perturb,easy,train
case_002552,5,5,5,0,0,primary_exclude_oracle_and_predicted,directed_clash,medium,train
case_002555,5,5,5,0,0,primary_exclude_oracle_and_predicted,directed_clash,easy,train
case_002561,6,6,5,1,1,primary_exclude_oracle_and_predicted,easy_rotation,medium,train
case_002562,6,6,5,1,1,primary_exclude_oracle_and_predicted,torsion_perturb,medium,train
case_002563,6,6,5,1,1,primary_exclude_oracle_and_predicted,torsion_perturb,medium,train
case_002573,6,6,5,1,1,primary_exclude_oracle_and_predicted,directed_clash,easy,train
case_002585,7,7,8,1,1,primary_exclude_oracle_and_predicted,directed_clash,easy,train
case_002599,8,8,7,1,1,primary_exclude_oracle_and_predicted,torsion_perturb,medium,train
case_002602,8,8,7,1,1,primary_exclude_oracle_and_predicted,torsion_perturb,easy,train
case_002603,8,8,7,1,1,primary_exclude_oracle_and_predicted,directed_clash,easy,train
